date,open,high,low,close,volume
2020-01-02,21.0,21.14999961853028,20.950000762939453,21.100000381469727,812600
2020-01-03,21.100000381469727,21.14999961853028,20.89999961853028,21.049999237060547,970041
2020-01-06,21.0,21.14999961853028,21.0,21.100000381469727,1402968
2020-01-07,21.200000762939453,21.200000762939453,20.89999961853028,21.0,1124864
2020-01-08,20.89999961853028,21.0,20.64999961853028,20.799999237060547,1324219
2020-01-09,21.0,21.0,20.799999237060547,20.799999237060547,541349
2020-01-10,20.799999237060547,20.89999961853028,20.64999961853028,20.799999237060547,778064
2020-01-13,20.75,20.75,20.5,20.600000381469727,1013967
2020-01-14,20.600000381469727,20.700000762939453,20.549999237060547,20.549999237060547,1046144
2020-01-15,20.600000381469727,20.700000762939453,20.5,20.549999237060547,753464
2020-01-16,20.64999961853028,20.64999961853028,20.450000762939453,20.549999237060547,1088203
2020-01-17,20.600000381469727,20.600000381469727,20.5,20.600000381469727,630958
2020-01-20,20.600000381469727,20.64999961853028,20.5,20.549999237060547,798709
2020-01-30,20.0,20.049999237060547,19.5,19.5,2714973
2020-01-31,19.64999961853028,19.850000381469727,19.600000381469727,19.75,919707
2020-02-03,19.549999237060547,19.549999237060547,19.100000381469727,19.450000762939453,1327236
2020-02-04,20.450000762939453,20.5,19.950000762939453,19.950000762939453,1462504
2020-02-05,19.850000381469727,19.850000381469727,19.450000762939453,19.700000762939453,987810
2020-02-06,19.64999961853028,19.850000381469727,19.64999961853028,19.75,902543
2020-02-07,19.75,19.75,19.350000381469727,19.39999961853028,1248491
2020-02-10,19.200000762939453,19.200000762939453,19.049999237060547,19.14999961853028,986491
2020-02-11,19.200000762939453,19.350000381469727,19.14999961853028,19.25,702114
2020-02-12,19.200000762939453,19.450000762939453,19.200000762939453,19.350000381469727,831096
2020-02-13,19.350000381469727,19.450000762939453,19.299999237060547,19.350000381469727,587202
2020-02-14,19.39999961853028,19.450000762939453,19.299999237060547,19.350000381469727,585292
2020-02-17,19.299999237060547,19.350000381469727,19.200000762939453,19.25,643520
2020-02-18,19.200000762939453,19.39999961853028,19.200000762939453,19.350000381469727,542291
2020-02-19,19.350000381469727,19.700000762939453,19.350000381469727,19.600000381469727,980718
2020-02-20,19.75,20.100000381469727,19.75,20.049999237060547,1417712
2020-02-21,20.14999961853028,20.450000762939453,20.14999961853028,20.200000762939453,1363288
2020-02-24,20.0,20.299999237060547,20.0,20.0,870689
2020-02-25,19.799999237060547,20.0,19.75,19.89999961853028,868977
2020-02-26,19.700000762939453,19.89999961853028,19.700000762939453,19.799999237060547,549618
2020-02-27,19.799999237060547,19.950000762939453,19.75,19.950000762939453,1172020
2020-03-02,19.799999237060547,20.299999237060547,19.700000762939453,20.100000381469727,1625775
2020-03-03,20.5,20.600000381469727,20.14999961853028,20.14999961853028,1024738
2020-03-04,20.200000762939453,20.5,20.200000762939453,20.5,1335749
2020-03-05,20.64999961853028,20.950000762939453,20.64999961853028,20.850000381469727,1555069
2020-03-06,20.600000381469727,20.700000762939453,20.450000762939453,20.549999237060547,1055983
2020-03-09,20.14999961853028,20.299999237060547,19.89999961853028,19.89999961853028,1758263
2020-03-10,19.600000381469727,19.799999237060547,19.350000381469727,19.75,1515530
2020-03-11,19.850000381469727,19.950000762939453,19.39999961853028,19.450000762939453,873577
2020-03-12,19.39999961853028,19.39999961853028,18.5,18.549999237060547,2483229
2020-03-13,17.799999237060547,17.799999237060547,16.700000762939453,17.25,4027886
2020-03-16,17.200000762939453,17.200000762939453,16.549999237060547,16.549999237060547,1771398
2020-03-17,16.0,16.0,15.699999809265137,15.800000190734863,2216062
2020-03-18,15.550000190734863,15.75,14.75,14.800000190734863,3258219
2020-03-19,14.199999809265137,14.199999809265137,13.350000381469728,13.350000381469728,3414301
2020-03-20,13.850000381469728,14.600000381469728,13.649999618530272,14.149999618530272,2637861
2020-03-23,13.649999618530272,13.75,13.5,13.550000190734863,1416250
2020-03-24,13.550000190734863,14.25,13.550000190734863,14.0,2118700
2020-03-25,14.550000190734863,14.899999618530272,14.25,14.350000381469728,2288165
2020-03-26,14.350000381469728,14.550000190734863,14.100000381469728,14.300000190734863,2432820
2020-03-27,14.600000381469728,14.699999809265137,14.399999618530272,14.550000190734863,2787090
2020-03-30,14.5,14.550000190734863,14.100000381469728,14.449999809265137,1159065
2020-03-31,14.550000190734863,14.649999618530272,14.199999809265137,14.25,1976554
2020-04-01,14.300000190734863,14.449999809265137,14.199999809265137,14.25,1363972
2020-04-06,14.449999809265137,14.5,14.050000190734863,14.399999618530272,1700576
2020-04-07,14.550000190734863,14.75,14.449999809265137,14.600000381469728,3087004
2020-04-08,14.550000190734863,15.149999618530272,14.5,15.100000381469728,2978177
2020-04-09,15.300000190734863,15.449999809265137,14.949999809265137,15.050000190734863,3339522
2020-04-10,15.0,15.399999618530272,14.949999809265137,15.350000381469728,2175332
2020-04-13,15.399999618530272,15.449999809265137,15.199999809265137,15.199999809265137,1482053
2020-04-14,15.25,15.399999618530272,15.149999618530272,15.399999618530272,1945427
2020-04-15,15.449999809265137,15.5,15.300000190734863,15.399999618530272,2466094
2020-04-16,15.350000381469728,15.350000381469728,15.149999618530272,15.300000190734863,1922020
2020-04-17,15.449999809265137,15.800000190734863,15.300000190734863,15.399999618530272,3824788
2020-04-20,15.449999809265137,15.550000190734863,15.199999809265137,15.449999809265137,1289804
2020-04-21,15.350000381469728,15.449999809265137,14.899999618530272,15.050000190734863,2591731
2020-04-22,14.850000381469728,15.0,14.399999618530272,14.899999618530272,1542262
2020-04-23,14.949999809265137,15.350000381469728,14.899999618530272,15.300000190734863,1429587
2020-04-24,15.100000381469728,15.300000190734863,15.100000381469728,15.25,808538
2020-04-27,15.399999618530272,16.0,15.399999618530272,15.899999618530272,3195634
2020-04-28,15.850000381469728,16.350000381469727,15.850000381469728,16.200000762939453,2953237
2020-04-29,16.25,16.450000762939453,16.25,16.399999618530273,1947442
2020-04-30,16.5,16.950000762939453,16.5,16.899999618530273,2612396
2020-05-04,16.600000381469727,16.600000381469727,16.25,16.399999618530273,1597531
2020-05-05,16.600000381469727,16.600000381469727,16.200000762939453,16.5,1540033
2020-05-06,16.600000381469727,17.049999237060547,16.350000381469727,16.5,2201879
2020-05-07,16.5,16.75,16.25,16.549999237060547,1552466
2020-05-08,16.799999237060547,17.049999237060547,16.600000381469727,16.950000762939453,2167207
2020-05-11,17.100000381469727,17.850000381469727,17.049999237060547,17.649999618530273,3484302
2020-05-12,17.649999618530273,17.649999618530273,17.0,17.049999237060547,2253486
2020-05-13,17.0,17.200000762939453,16.799999237060547,17.0,1280807
2020-05-14,16.799999237060547,16.950000762939453,16.5,16.649999618530273,1762794
2020-05-15,16.799999237060547,16.799999237060547,16.100000381469727,16.299999237060547,2125629
2020-05-18,16.299999237060547,16.600000381469727,16.200000762939453,16.399999618530273,1033067
2020-05-19,16.700000762939453,17.299999237060547,16.649999618530273,16.850000381469727,3896239
2020-05-20,16.899999618530273,17.0,16.700000762939453,16.799999237060547,906146
2020-05-21,16.899999618530273,17.200000762939453,16.850000381469727,17.100000381469727,1140563
2020-05-22,17.100000381469727,17.450000762939453,16.899999618530273,16.950000762939453,2062943
2020-05-25,17.0,17.149999618530273,16.700000762939453,16.899999618530273,942906
2020-05-26,16.950000762939453,17.049999237060547,16.799999237060547,16.899999618530273,1294922
2020-05-27,16.899999618530273,17.149999618530273,16.899999618530273,16.950000762939453,1091477
2020-05-28,17.100000381469727,17.100000381469727,16.649999618530273,16.75,1571597
2020-05-29,16.75,16.799999237060547,16.649999618530273,16.700000762939453,929935
2020-06-01,16.950000762939453,17.049999237060547,16.799999237060547,16.850000381469727,890006
2020-06-02,17.0,17.0,16.799999237060547,16.899999618530273,773195
2020-06-03,17.049999237060547,17.25,16.950000762939453,17.25,2095101
2020-06-04,17.299999237060547,17.399999618530273,17.100000381469727,17.200000762939453,1259657
2020-06-05,17.25,17.799999237060547,17.25,17.700000762939453,2984971
2020-06-08,18.0,18.0,17.600000381469727,17.649999618530273,1956289
2020-06-09,17.799999237060547,17.799999237060547,17.399999618530273,17.75,1183694
2020-06-10,17.75,17.75,17.450000762939453,17.5,1365358
2020-06-11,17.399999618530273,17.399999618530273,16.700000762939453,16.75,3419686
2020-06-12,16.100000381469727,16.299999237060547,15.550000190734863,16.25,2592234
2020-06-15,16.299999237060547,16.399999618530273,16.0,16.25,1482934
2020-06-16,16.399999618530273,16.899999618530273,16.299999237060547,16.799999237060547,2264306
2020-06-17,16.799999237060547,17.299999237060547,16.799999237060547,17.149999618530273,2439437
2020-06-18,17.100000381469727,17.350000381469727,17.0,17.200000762939453,1674852
2020-06-19,17.200000762939453,17.299999237060547,16.850000381469727,16.850000381469727,1961393
2020-06-22,17.0,17.350000381469727,16.850000381469727,17.100000381469727,1457194
2020-06-23,17.149999618530273,17.149999618530273,16.799999237060547,16.950000762939453,686121
2020-06-24,17.0,17.100000381469727,16.950000762939453,16.950000762939453,477922
2020-06-29,16.799999237060547,16.899999618530273,16.649999618530273,16.799999237060547,767590
2020-06-30,16.899999618530273,16.899999618530273,16.75,16.799999237060547,654746
2020-07-01,16.899999618530273,17.0,16.850000381469727,16.899999618530273,766450
2020-07-02,17.049999237060547,17.049999237060547,16.850000381469727,17.049999237060547,640788
2020-07-03,17.100000381469727,17.100000381469727,16.899999618530273,16.950000762939453,1004091
2020-07-06,16.950000762939453,17.200000762939453,16.950000762939453,17.100000381469727,1375947
2020-07-07,17.100000381469727,17.25,16.899999618530273,16.950000762939453,1134939
2020-07-08,16.850000381469727,17.100000381469727,16.850000381469727,17.100000381469727,1053435
2020-07-09,17.100000381469727,17.149999618530273,17.0,17.0,934254
2020-07-10,17.0,17.0,16.799999237060547,16.799999237060547,1912985
2020-07-13,16.549999237060547,16.75,16.5,16.75,957338
2020-07-14,16.700000762939453,16.75,16.5,16.600000381469727,1138297
2020-07-15,16.700000762939453,16.75,16.549999237060547,16.700000762939453,513096
2020-07-16,16.700000762939453,17.0,16.700000762939453,17.0,1261225
2020-07-17,17.149999618530273,17.149999618530273,16.700000762939453,16.75,979465
2020-07-20,16.75,16.850000381469727,16.549999237060547,16.75,775787
2020-07-21,16.75,16.850000381469727,16.600000381469727,16.600000381469727,1242710
2020-07-22,16.600000381469727,16.75,16.549999237060547,16.600000381469727,1008559
2020-07-23,16.549999237060547,16.649999618530273,16.450000762939453,16.5,935844
2020-07-24,16.5,16.5,16.299999237060547,16.350000381469727,1073636
2020-07-27,16.25,16.299999237060547,15.5,15.600000381469728,2637544
2020-07-28,15.550000190734863,15.649999618530272,15.449999809265137,15.449999809265137,2023273
2020-07-29,15.449999809265137,15.800000190734863,15.449999809265137,15.5,1328682
2020-07-30,15.699999809265137,15.699999809265137,15.449999809265137,15.5,1178789
2020-07-31,15.5,15.600000381469728,15.399999618530272,15.449999809265137,854598
2020-08-03,15.399999618530272,15.449999809265137,15.199999809265137,15.399999618530272,1042240
2020-08-04,15.399999618530272,16.049999237060547,15.300000190734863,15.850000381469728,1487997
2020-08-05,15.850000381469728,15.949999809265137,15.600000381469728,15.850000381469728,1088645
2020-08-06,16.049999237060547,16.049999237060547,15.699999809265137,15.899999618530272,1072647
2020-08-07,15.899999618530272,16.0,15.75,15.75,1160021
2020-08-10,15.800000190734863,16.149999618530273,15.800000190734863,16.149999618530273,1352800
2020-08-11,16.149999618530273,16.25,16.049999237060547,16.100000381469727,834309
2020-08-12,16.100000381469727,16.100000381469727,15.899999618530272,16.0,823428
2020-08-13,16.0,16.200000762939453,16.0,16.149999618530273,617544
2020-08-14,16.149999618530273,16.399999618530273,16.0,16.25,1129869
2020-08-17,16.200000762939453,16.799999237060547,16.149999618530273,16.649999618530273,2855202
2020-08-18,16.649999618530273,17.149999618530273,16.649999618530273,16.899999618530273,3704820
2020-08-19,16.899999618530273,17.5,16.850000381469727,17.350000381469727,4485382
2020-08-20,17.450000762939453,17.75,16.049999237060547,16.399999618530273,5724017
2020-08-21,16.549999237060547,16.950000762939453,16.450000762939453,16.899999618530273,1635050
2020-08-24,16.899999618530273,17.0,16.5,16.75,1505256
2020-08-25,16.700000762939453,16.950000762939453,16.549999237060547,16.600000381469727,2290628
2020-08-26,16.799999237060547,16.850000381469727,16.649999618530273,16.850000381469727,846753
2020-08-27,16.899999618530273,16.899999618530273,16.649999618530273,16.700000762939453,1351882
2020-08-28,16.75,17.299999237060547,16.649999618530273,17.049999237060547,2372149
2020-08-31,17.149999618530273,17.450000762939453,17.049999237060547,17.049999237060547,2187706
2020-09-01,17.200000762939453,17.299999237060547,17.049999237060547,17.25,1730445
2020-09-02,17.350000381469727,17.350000381469727,17.0,17.149999618530273,1514943
2020-09-03,17.200000762939453,17.350000381469727,17.100000381469727,17.200000762939453,1975974
2020-09-04,16.950000762939453,17.399999618530273,16.950000762939453,17.350000381469727,1974801
2020-09-07,17.450000762939453,18.100000381469727,17.450000762939453,18.0,5537400
2020-09-08,18.200000762939453,18.25,17.5,17.5,3662168
2020-09-09,17.299999237060547,17.899999618530273,17.200000762939453,17.850000381469727,2250883
2020-09-10,17.899999618530273,18.100000381469727,17.75,17.850000381469727,2960315
2020-09-11,17.75,17.899999618530273,17.350000381469727,17.5,2249603
2020-09-14,17.5,17.5,17.149999618530273,17.200000762939453,1693211
2020-09-15,17.299999237060547,17.399999618530273,17.200000762939453,17.299999237060547,1735281
2020-09-16,17.299999237060547,17.350000381469727,17.049999237060547,17.200000762939453,1309321
2020-09-17,17.25,17.600000381469727,17.25,17.350000381469727,1422708
2020-09-18,17.350000381469727,17.75,17.350000381469727,17.350000381469727,9700629
2020-09-21,17.5,17.700000762939453,17.450000762939453,17.600000381469727,1390618
2020-09-22,17.5,17.549999237060547,17.0,17.049999237060547,2803491
2020-09-23,17.100000381469727,17.149999618530273,16.649999618530273,16.700000762939453,2246393
2020-09-24,16.5,16.5,15.850000381469728,15.850000381469728,4540168
2020-09-25,15.949999809265137,16.100000381469727,15.5,15.850000381469728,2873560
2020-09-28,15.899999618530272,16.25,15.899999618530272,16.149999618530273,1016040
2020-09-29,16.200000762939453,16.25,15.949999809265137,16.049999237060547,1122523
2020-09-30,16.049999237060547,16.200000762939453,15.949999809265137,16.149999618530273,568280
2020-10-05,16.200000762939453,16.399999618530273,16.100000381469727,16.350000381469727,758266
2020-10-06,16.350000381469727,16.700000762939453,16.350000381469727,16.549999237060547,1482187
2020-10-07,16.5,16.549999237060547,16.399999618530273,16.549999237060547,975683
2020-10-08,16.700000762939453,16.700000762939453,16.25,16.350000381469727,1285870
2020-10-12,16.5,16.549999237060547,16.25,16.350000381469727,886126
2020-10-13,16.399999618530273,16.450000762939453,16.200000762939453,16.299999237060547,1012576
2020-10-14,16.299999237060547,16.549999237060547,16.200000762939453,16.299999237060547,1141049
2020-10-15,16.299999237060547,16.450000762939453,16.149999618530273,16.25,787466
2020-10-16,16.299999237060547,16.549999237060547,16.25,16.350000381469727,1602429
2020-10-19,16.350000381469727,16.5,16.299999237060547,16.399999618530273,1385852
2020-10-20,16.450000762939453,16.5,16.200000762939453,16.200000762939453,1652264
2020-10-21,16.299999237060547,16.450000762939453,16.25,16.399999618530273,1503084
2020-10-22,16.450000762939453,16.700000762939453,16.0,16.5,8474836
2020-10-23,16.350000381469727,16.700000762939453,16.25,16.649999618530273,2652268
2020-10-26,16.649999618530273,17.100000381469727,16.649999618530273,16.950000762939453,3259748
2020-10-27,16.700000762939453,17.149999618530273,16.700000762939453,16.950000762939453,2437914
2020-10-28,17.0,17.149999618530273,16.700000762939453,16.75,1902040
2020-10-29,16.399999618530273,16.700000762939453,16.399999618530273,16.649999618530273,1246698
2020-10-30,16.549999237060547,16.75,16.399999618530273,16.399999618530273,1478708
2020-11-02,16.450000762939453,16.5,16.200000762939453,16.399999618530273,945069
2020-11-03,16.5,16.899999618530273,16.5,16.75,1656041
2020-11-04,16.799999237060547,16.950000762939453,16.75,16.799999237060547,1451607
2020-11-05,16.899999618530273,16.899999618530273,16.649999618530273,16.700000762939453,700556
2020-11-06,16.700000762939453,16.799999237060547,16.600000381469727,16.600000381469727,789977
2020-11-09,16.75,16.799999237060547,16.600000381469727,16.799999237060547,1579398
2020-11-10,17.100000381469727,17.350000381469727,17.0,17.049999237060547,4246906
2020-11-11,17.049999237060547,17.649999618530273,16.950000762939453,17.5,5953739
2020-11-12,17.549999237060547,17.549999237060547,17.200000762939453,17.350000381469727,2319132
2020-11-13,17.299999237060547,17.350000381469727,17.100000381469727,17.299999237060547,1357177
2020-11-16,17.25,17.25,16.850000381469727,16.950000762939453,2869274
2020-11-17,16.950000762939453,17.100000381469727,16.950000762939453,17.049999237060547,1270049
2020-11-18,17.100000381469727,17.200000762939453,17.049999237060547,17.100000381469727,1084362
2020-11-19,17.149999618530273,17.299999237060547,17.100000381469727,17.299999237060547,1498996
2020-11-20,17.299999237060547,17.399999618530273,17.149999618530273,17.350000381469727,1442043
2020-11-23,17.399999618530273,17.600000381469727,17.350000381469727,17.549999237060547,3254194
2020-11-24,17.75,17.899999618530273,17.549999237060547,17.649999618530273,3446152
2020-11-25,17.75,18.100000381469727,17.700000762939453,17.950000762939453,5322856
2020-11-26,17.950000762939453,18.0,17.799999237060547,17.950000762939453,2164907
2020-11-27,17.950000762939453,18.0,17.799999237060547,17.850000381469727,1486695
2020-11-30,17.850000381469727,18.049999237060547,17.799999237060547,17.799999237060547,2534979
2020-12-01,17.799999237060547,17.799999237060547,17.549999237060547,17.700000762939453,1784639
2020-12-02,17.700000762939453,17.75,17.549999237060547,17.549999237060547,1608762
2020-12-03,17.600000381469727,18.200000762939453,17.549999237060547,17.899999618530273,4090522
2020-12-04,18.0,18.64999961853028,18.0,18.64999961853028,9296357
2020-12-07,18.75,19.200000762939453,18.25,18.64999961853028,8722069
2020-12-08,18.450000762939453,18.75,18.39999961853028,18.450000762939453,2130408
2020-12-09,18.450000762939453,18.549999237060547,18.299999237060547,18.450000762939453,2059250
2020-12-10,18.549999237060547,18.75,18.25,18.299999237060547,3000390
2020-12-11,18.299999237060547,18.450000762939453,17.799999237060547,17.899999618530273,3595985
2020-12-14,18.049999237060547,19.14999961853028,17.950000762939453,19.100000381469727,7270699
2020-12-15,19.0,19.049999237060547,18.5,18.600000381469727,4800121
2020-12-16,18.600000381469727,19.100000381469727,18.549999237060547,18.950000762939453,3839546
2020-12-17,18.950000762939453,19.0,18.5,18.950000762939453,2909609
2020-12-18,19.0,19.450000762939453,18.700000762939453,18.75,5741955
2020-12-21,18.89999961853028,19.799999237060547,18.799999237060547,19.600000381469727,11472728
2020-12-22,19.5,20.89999961853028,19.14999961853028,19.200000762939453,21824071
2020-12-23,19.200000762939453,19.450000762939453,18.950000762939453,19.299999237060547,4212360
2020-12-24,19.39999961853028,19.89999961853028,19.350000381469727,19.799999237060547,4136105
2020-12-25,19.950000762939453,20.100000381469727,19.64999961853028,19.799999237060547,3383266
2020-12-28,19.89999961853028,19.950000762939453,19.64999961853028,19.89999961853028,2855789
2020-12-29,20.299999237060547,21.350000381469727,20.299999237060547,21.0,22947377
2020-12-30,21.14999961853028,21.5,20.600000381469727,20.700000762939453,14810741
2020-12-31,20.700000762939453,20.89999961853028,20.14999961853028,20.299999237060547,6126171
2021-01-04,20.600000381469727,20.600000381469727,19.89999961853028,20.299999237060547,4655201
2021-01-05,20.299999237060547,20.299999237060547,19.89999961853028,19.950000762939453,3663115
2021-01-06,19.950000762939453,20.049999237060547,18.950000762939453,19.100000381469727,7045663
2021-01-07,19.25,19.64999961853028,19.200000762939453,19.25,3126252
2021-01-08,19.450000762939453,19.450000762939453,18.89999961853028,19.049999237060547,3571780
2021-01-11,19.049999237060547,19.700000762939453,19.049999237060547,19.600000381469727,3791494
2021-01-12,19.5,19.600000381469727,18.950000762939453,19.0,3300698
2021-01-13,19.200000762939453,19.600000381469727,19.14999961853028,19.25,2537832
2021-01-14,19.25,19.450000762939453,19.200000762939453,19.450000762939453,1824128
2021-01-15,19.450000762939453,19.5,18.700000762939453,18.700000762939453,4490410
2021-01-18,18.75,18.799999237060547,18.049999237060547,18.5,2404703
2021-01-19,18.600000381469727,18.75,18.350000381469727,18.450000762939453,1457104
2021-01-20,18.39999961853028,18.39999961853028,17.5,17.5,4717009
2021-01-21,17.600000381469727,17.850000381469727,17.25,17.299999237060547,2724778
2021-01-22,17.399999618530273,17.75,17.0,17.649999618530273,3042858
2021-01-25,17.5,18.0,17.200000762939453,17.850000381469727,1721189
2021-01-26,17.950000762939453,17.950000762939453,17.450000762939453,17.450000762939453,1341909
2021-01-27,17.75,17.799999237060547,17.5,17.649999618530273,1283729
2021-01-28,17.399999618530273,18.200000762939453,17.200000762939453,18.0,2887975
2021-01-29,18.0,18.350000381469727,17.850000381469727,17.950000762939453,2490271
2021-02-01,18.0,18.200000762939453,17.649999618530273,17.950000762939453,1526074
2021-02-02,17.950000762939453,18.25,17.899999618530273,18.14999961853028,1244129
2021-02-03,18.25,18.549999237060547,18.049999237060547,18.350000381469727,1746662
2021-02-04,18.350000381469727,18.700000762939453,18.299999237060547,18.450000762939453,1637710
2021-02-05,18.450000762939453,18.799999237060547,18.350000381469727,18.600000381469727,1995311
2021-02-17,19.100000381469727,19.5,18.950000762939453,19.200000762939453,5857946
2021-02-18,19.39999961853028,19.850000381469727,19.100000381469727,19.350000381469727,4428743
2021-02-19,19.549999237060547,19.850000381469727,19.299999237060547,19.450000762939453,3815949
2021-02-22,19.5,20.450000762939453,19.5,20.39999961853028,7483671
2021-02-23,20.39999961853028,20.950000762939453,20.39999961853028,20.850000381469727,8568731
2021-02-24,20.850000381469727,21.14999961853028,20.049999237060547,20.100000381469727,6327346
2021-02-25,20.5,21.100000381469727,20.350000381469727,20.89999961853028,9181490
2021-02-26,20.799999237060547,21.200000762939453,20.5,21.14999961853028,10320379
2021-03-02,21.39999961853028,21.600000381469727,20.049999237060547,20.14999961853028,10345460
2021-03-03,20.299999237060547,20.549999237060547,20.049999237060547,20.39999961853028,3933801
2021-03-04,20.5,20.89999961853028,20.39999961853028,20.700000762939453,3637405
2021-03-05,20.700000762939453,20.850000381469727,20.299999237060547,20.450000762939453,3583188
2021-03-08,20.75,21.5,20.5,21.049999237060547,9106105
2021-03-09,21.200000762939453,21.39999961853028,20.799999237060547,21.350000381469727,5914456
2021-03-10,21.25,21.299999237060547,20.799999237060547,21.200000762939453,5384418
2021-03-11,21.25,21.600000381469727,20.600000381469727,20.700000762939453,6492095
2021-03-12,20.64999961853028,20.850000381469727,20.299999237060547,20.75,3309767
2021-03-15,20.700000762939453,20.89999961853028,20.549999237060547,20.549999237060547,2295849
2021-03-16,20.549999237060547,20.549999237060547,20.100000381469727,20.350000381469727,3785068
2021-03-17,20.200000762939453,20.25,19.950000762939453,20.14999961853028,3521044
2021-03-18,20.14999961853028,20.350000381469727,19.89999961853028,20.100000381469727,2375594
2021-03-19,19.75,19.799999237060547,19.299999237060547,19.549999237060547,6310763
2021-03-22,19.39999961853028,19.5,19.14999961853028,19.39999961853028,3099876
2021-03-23,19.450000762939453,19.5,19.100000381469727,19.14999961853028,2985286
2021-03-24,19.14999961853028,19.200000762939453,18.89999961853028,19.200000762939453,3842906
2021-03-25,19.350000381469727,19.549999237060547,19.100000381469727,19.14999961853028,3558760
2021-03-26,19.200000762939453,19.450000762939453,19.200000762939453,19.39999961853028,2136071
2021-03-29,19.450000762939453,19.75,19.39999961853028,19.64999961853028,3591323
2021-03-30,19.64999961853028,19.700000762939453,19.450000762939453,19.5,2314878
2021-03-31,19.5,19.549999237060547,19.350000381469727,19.450000762939453,2145794
2021-04-01,19.450000762939453,19.5,19.200000762939453,19.350000381469727,1757466
2021-04-07,19.64999961853028,19.700000762939453,19.39999961853028,19.549999237060547,1897708
2021-04-08,19.5,20.25,19.5,20.14999961853028,5199470
2021-04-09,20.14999961853028,20.14999961853028,19.700000762939453,19.850000381469727,3621908
2021-04-12,20.100000381469727,20.700000762939453,20.100000381469727,20.549999237060547,6372875
2021-04-13,20.75,21.100000381469727,20.299999237060547,20.350000381469727,7266710
2021-04-14,20.450000762939453,21.299999237060547,20.25,20.799999237060547,8315296
2021-04-15,20.950000762939453,21.799999237060547,20.799999237060547,21.5,15560132
2021-04-16,21.600000381469727,22.100000381469727,21.14999961853028,21.89999961853028,13314589
2021-04-19,22.39999961853028,23.450000762939453,22.25,23.299999237060547,16361862
2021-04-20,23.299999237060547,23.450000762939453,22.700000762939453,23.299999237060547,10487219
2021-04-21,23.299999237060547,23.75,23.0,23.450000762939453,6025860
2021-04-22,23.700000762939453,24.799999237060547,22.700000762939453,23.200000762939453,16533971
2021-04-23,23.25,23.299999237060547,22.049999237060547,22.5,9764214
2021-04-26,23.0,23.39999961853028,22.850000381469727,23.049999237060547,6156616
2021-04-27,23.0,23.450000762939453,22.700000762939453,23.350000381469727,4533645
2021-04-28,23.5,24.600000381469727,23.5,24.299999237060547,19459406
2021-04-29,24.200000762939453,24.299999237060547,23.200000762939453,23.450000762939453,8155008
2021-05-03,23.5,24.100000381469727,23.049999237060547,23.100000381469727,7398344
2021-05-04,23.39999961853028,23.64999961853028,21.850000381469727,22.25,9989544
2021-05-05,22.700000762939453,24.299999237060547,22.450000762939453,23.39999961853028,14172762
2021-05-06,23.600000381469727,25.299999237060547,23.25,24.049999237060547,23421733
2021-05-07,24.0,24.799999237060547,23.600000381469727,24.799999237060547,12718507
2021-05-10,24.700000762939453,25.450000762939453,24.100000381469727,25.049999237060547,12758281
2021-05-11,25.0,25.0,22.700000762939453,23.600000381469727,14129672
2021-05-12,23.5,23.5,21.25,21.75,14478315
2021-05-13,19.799999237060547,21.350000381469727,19.799999237060547,20.549999237060547,10077721
2021-05-14,20.799999237060547,21.200000762939453,19.89999961853028,20.299999237060547,10279433
2021-05-17,18.700000762939453,19.799999237060547,18.5,18.700000762939453,7495893
2021-05-18,18.89999961853028,20.100000381469727,18.700000762939453,20.100000381469727,7009605
2021-05-19,20.0,20.200000762939453,19.299999237060547,20.100000381469727,5912523
2021-05-20,19.950000762939453,20.799999237060547,19.75,20.14999961853028,3405940
2021-05-21,20.450000762939453,20.700000762939453,20.14999961853028,20.700000762939453,2894692
2021-05-24,20.600000381469727,21.25,20.450000762939453,20.850000381469727,3191407
2021-05-25,21.14999961853028,21.600000381469727,21.049999237060547,21.200000762939453,4179618
2021-05-26,21.39999961853028,21.39999961853028,20.850000381469727,21.200000762939453,2589495
2021-05-27,21.0,21.450000762939453,20.950000762939453,21.100000381469727,2393406
2021-05-28,21.299999237060547,21.75,21.200000762939453,21.39999961853028,3858236
2021-05-31,21.549999237060547,22.14999961853028,21.549999237060547,21.700000762939453,4624858
2021-06-01,21.75,22.14999961853028,21.600000381469727,22.14999961853028,2966518
2021-06-02,22.549999237060547,23.200000762939453,22.350000381469727,22.75,6596178
2021-06-03,23.0,23.350000381469727,22.700000762939453,22.75,4063574
2021-06-04,22.600000381469727,22.89999961853028,22.450000762939453,22.5,2683986
2021-06-07,22.64999961853028,22.89999961853028,22.049999237060547,22.75,3327895
2021-06-08,22.75,23.600000381469727,22.39999961853028,22.600000381469727,9700468
2021-06-09,22.549999237060547,22.700000762939453,21.89999961853028,22.100000381469727,3155795
2021-06-10,22.200000762939453,22.25,21.549999237060547,22.0,2791827
2021-06-11,22.100000381469727,22.200000762939453,21.700000762939453,21.75,3190959
2021-06-15,21.799999237060547,22.14999961853028,21.75,22.049999237060547,1423057
2021-06-16,21.950000762939453,22.350000381469727,21.75,21.75,2334874
2021-06-17,21.64999961853028,22.0,21.600000381469727,21.950000762939453,1188968
2021-06-18,21.950000762939453,21.950000762939453,20.799999237060547,20.950000762939453,7246776
2021-06-21,20.75,21.049999237060547,20.600000381469727,20.850000381469727,2032994
2021-06-22,21.0,21.350000381469727,20.950000762939453,21.0,2002462
2021-06-23,21.200000762939453,21.25,20.850000381469727,21.100000381469727,2212791
2021-06-24,21.299999237060547,21.700000762939453,21.14999961853028,21.549999237060547,2435262
2021-06-25,21.700000762939453,21.850000381469727,21.600000381469727,21.700000762939453,1883009
2021-06-28,21.700000762939453,22.200000762939453,21.700000762939453,22.14999961853028,3087661
2021-06-29,22.200000762939453,22.200000762939453,21.64999961853028,21.64999961853028,2904831
2021-06-30,21.799999237060547,22.100000381469727,21.700000762939453,22.0,2736835
2021-07-01,22.200000762939453,23.299999237060547,22.14999961853028,23.049999237060547,16115534
2021-07-02,24.799999237060547,25.350000381469727,24.799999237060547,25.350000381469727,31010261
2021-07-05,27.100000381469727,27.850000381469727,24.299999237060547,24.850000381469727,74506685
2021-07-06,24.75,25.299999237060547,24.350000381469727,25.0,14483250
2021-07-07,25.100000381469727,25.25,23.5,23.600000381469727,14417733
2021-07-08,23.549999237060547,23.950000762939453,23.25,23.64999961853028,5527591
2021-07-09,23.39999961853028,23.700000762939453,23.200000762939453,23.700000762939453,5630017
2021-07-12,24.100000381469727,24.100000381469727,23.100000381469727,23.200000762939453,7304393
2021-07-13,23.450000762939453,23.5,22.5,22.600000381469727,6444334
2021-07-14,22.5,22.799999237060547,22.299999237060547,22.600000381469727,3683058
2021-07-15,22.600000381469727,23.5,22.600000381469727,23.5,4316739
2021-07-16,23.700000762939453,24.39999961853028,23.549999237060547,23.850000381469727,9089222
2021-07-19,23.5,23.850000381469727,23.450000762939453,23.600000381469727,3929669
2021-07-20,23.100000381469727,23.450000762939453,23.0,23.200000762939453,4066884
2021-07-21,23.700000762939453,23.75,22.600000381469727,22.799999237060547,3693576
2021-07-22,23.14999961853028,23.5,23.049999237060547,23.25,2610777
2021-07-23,23.25,23.950000762939453,23.049999237060547,23.850000381469727,4784943
2021-07-26,23.950000762939453,24.14999961853028,23.450000762939453,23.450000762939453,2555565
2021-07-27,23.700000762939453,23.850000381469727,23.39999961853028,23.600000381469727,2721763
2021-07-28,23.25,23.25,22.049999237060547,22.299999237060547,8443322
2021-07-29,22.5,22.700000762939453,22.200000762939453,22.64999961853028,4197168
2021-07-30,22.64999961853028,22.75,22.25,22.39999961853028,2575035
2021-08-02,22.450000762939453,22.850000381469727,22.25,22.75,1975420
2021-08-03,22.75,22.799999237060547,22.450000762939453,22.5,1382621
2021-08-04,22.5,22.700000762939453,22.39999961853028,22.600000381469727,1785889
2021-08-05,22.600000381469727,22.64999961853028,22.14999961853028,22.25,1988662
2021-08-06,22.14999961853028,22.450000762939453,22.100000381469727,22.299999237060547,1493339
2021-08-09,22.299999237060547,22.600000381469727,22.25,22.350000381469727,1172698
2021-08-10,22.350000381469727,22.450000762939453,22.049999237060547,22.100000381469727,1354828
2021-08-11,22.14999961853028,22.350000381469727,21.700000762939453,21.850000381469727,1875644
2021-08-12,21.950000762939453,22.049999237060547,21.39999961853028,21.799999237060547,3169886
2021-08-13,21.799999237060547,21.799999237060547,21.39999961853028,21.5,1518314
2021-08-16,21.25,21.5,20.75,20.799999237060547,2780106
2021-08-17,20.799999237060547,20.799999237060547,20.799999237060547,20.799999237060547,0
2021-08-18,20.39999961853028,20.950000762939453,19.950000762939453,20.89999961853028,3865500
2021-08-19,20.89999961853028,20.89999961853028,19.89999961853028,20.0,3111265
2021-08-20,20.14999961853028,20.350000381469727,19.950000762939453,20.100000381469727,1922822
2021-08-23,20.350000381469727,21.100000381469727,20.350000381469727,20.89999961853028,2018615
2021-08-24,21.100000381469727,21.39999961853028,20.700000762939453,21.25,1492665
2021-08-25,21.299999237060547,21.39999961853028,21.049999237060547,21.200000762939453,800302
2021-08-26,21.350000381469727,21.5,21.25,21.350000381469727,1037529
2021-08-27,21.299999237060547,21.75,21.25,21.700000762939453,1174947
2021-08-30,21.799999237060547,22.0,21.549999237060547,21.700000762939453,1424812
2021-08-31,21.799999237060547,21.850000381469727,21.200000762939453,21.850000381469727,1319100
2021-09-01,21.450000762939453,21.799999237060547,21.39999961853028,21.39999961853028,1320308
2021-09-02,21.5,21.5,20.950000762939453,21.049999237060547,1561489
2021-09-03,21.100000381469727,21.600000381469727,21.049999237060547,21.299999237060547,1513259
2021-09-06,21.25,21.299999237060547,20.600000381469727,20.700000762939453,2443895
2021-09-07,20.799999237060547,21.25,20.700000762939453,20.950000762939453,1490190
2021-09-08,20.89999961853028,21.0,20.350000381469727,20.39999961853028,1449503
2021-09-09,20.39999961853028,20.64999961853028,20.299999237060547,20.600000381469727,769858
2021-09-10,20.549999237060547,21.200000762939453,20.549999237060547,20.950000762939453,1307323
2021-09-13,21.049999237060547,21.5,20.89999961853028,21.450000762939453,1865813
2021-09-14,21.450000762939453,21.950000762939453,21.39999961853028,21.75,2370373
2021-09-15,21.799999237060547,22.200000762939453,21.549999237060547,21.75,3598441
2021-09-16,21.850000381469727,22.700000762939453,21.75,22.549999237060547,5393116
2021-09-17,22.89999961853028,22.89999961853028,21.14999961853028,21.299999237060547,9391560
2021-09-22,20.850000381469727,21.100000381469727,20.549999237060547,20.700000762939453,3795450
2021-09-23,20.89999961853028,21.049999237060547,20.700000762939453,20.850000381469727,2012545
2021-09-24,21.200000762939453,22.450000762939453,20.89999961853028,21.299999237060547,5235665
2021-09-27,21.549999237060547,22.600000381469727,21.549999237060547,22.14999961853028,7584936
2021-09-28,22.299999237060547,22.64999961853028,21.89999961853028,22.450000762939453,6158294
2021-09-29,22.299999237060547,23.100000381469727,22.0,22.200000762939453,11780023
2021-09-30,22.39999961853028,23.100000381469727,22.200000762939453,22.549999237060547,18919128
2021-10-01,22.600000381469727,22.799999237060547,22.0,22.049999237060547,8531498
2021-10-04,22.64999961853028,23.200000762939453,21.850000381469727,22.200000762939453,17295971
2021-10-05,22.299999237060547,22.89999961853028,21.950000762939453,22.700000762939453,14058086
2021-10-06,23.25,24.14999961853028,22.64999961853028,23.350000381469727,53035435
2021-10-07,23.549999237060547,24.0,23.0,23.799999237060547,32178707
2021-10-08,23.799999237060547,24.950000762939453,23.600000381469727,24.700000762939453,59165790
2021-10-12,24.39999961853028,24.850000381469727,22.799999237060547,23.5,34629242
2021-10-13,23.700000762939453,23.75,22.5,22.64999961853028,22671723
2021-10-14,22.799999237060547,23.049999237060547,21.64999961853028,21.799999237060547,21900332
2021-10-15,22.200000762939453,22.350000381469727,21.89999961853028,22.299999237060547,7287350
2021-10-18,22.850000381469727,24.5,22.700000762939453,24.5,52871523
2021-10-19,25.0,26.799999237060547,23.850000381469727,26.200000762939453,116067429
2021-10-20,25.350000381469727,27.700000762939453,25.200000762939453,27.0,94929624
2021-10-21,26.75,27.200000762939453,25.850000381469727,26.5,45555756
2021-10-22,26.549999237060547,27.049999237060547,25.600000381469727,25.850000381469727,37188202
2021-10-25,26.049999237060547,27.0,25.600000381469727,26.549999237060547,28894950
2021-10-26,26.25,26.299999237060547,24.89999961853028,24.89999961853028,31864729
2021-10-27,24.700000762939453,25.350000381469727,24.14999961853028,25.0,25954686
2021-10-28,24.600000381469727,24.799999237060547,24.0,24.100000381469727,21187462
2021-10-29,23.950000762939453,24.450000762939453,23.700000762939453,23.850000381469727,14724401
2021-11-01,23.850000381469727,24.14999961853028,23.549999237060547,23.950000762939453,9958098
2021-11-02,23.950000762939453,23.950000762939453,23.100000381469727,23.25,12260746
2021-11-03,23.299999237060547,25.0,23.25,24.799999237060547,26562124
2021-11-04,24.5,24.799999237060547,24.049999237060547,24.14999961853028,16638516
2021-11-05,24.0,24.450000762939453,23.700000762939453,24.25,9040561
2021-11-08,24.39999961853028,25.0,23.89999961853028,24.200000762939453,18619432
2021-11-09,24.350000381469727,24.799999237060547,23.950000762939453,24.100000381469727,21599620
2021-11-10,24.39999961853028,25.700000762939453,24.350000381469727,24.700000762939453,41803825
2021-11-11,24.700000762939453,25.89999961853028,24.700000762939453,25.200000762939453,30304200
2021-11-12,25.0,25.350000381469727,24.600000381469727,24.700000762939453,13975771
2021-11-15,24.850000381469727,24.850000381469727,23.950000762939453,24.0,14547094
2021-11-16,24.049999237060547,24.25,23.100000381469727,23.14999961853028,17986058
2021-11-17,23.25,23.600000381469727,23.100000381469727,23.299999237060547,11713921
2021-11-18,23.299999237060547,23.450000762939453,23.200000762939453,23.39999961853028,5787753
2021-11-19,23.299999237060547,23.350000381469727,22.75,22.75,11778366
2021-11-22,22.850000381469727,23.100000381469727,22.549999237060547,22.950000762939453,6322930
2021-11-23,23.049999237060547,23.350000381469727,22.549999237060547,22.549999237060547,9425500
2021-11-24,22.299999237060547,23.0,22.299999237060547,22.950000762939453,6704793
2021-11-25,23.100000381469727,23.100000381469727,22.75,22.75,3376404
2021-11-26,22.75,22.75,22.14999961853028,22.14999961853028,7355107
2021-11-29,21.700000762939453,22.100000381469727,21.700000762939453,22.0,6629306
2021-11-30,22.299999237060547,22.950000762939453,22.25,22.700000762939453,5214875
2021-12-01,22.700000762939453,22.89999961853028,22.39999961853028,22.799999237060547,2747754
2021-12-02,22.75,22.799999237060547,22.100000381469727,22.100000381469727,4903674
2021-12-03,22.350000381469727,22.64999961853028,22.14999961853028,22.39999961853028,3409962
2021-12-06,22.5,22.700000762939453,22.25,22.350000381469727,2396717
2021-12-07,22.5,22.75,22.350000381469727,22.5,3630360
2021-12-08,22.64999961853028,22.850000381469727,22.5,22.549999237060547,2853255
2021-12-09,22.700000762939453,22.799999237060547,22.39999961853028,22.450000762939453,4712500
2021-12-10,22.5,22.549999237060547,22.25,22.25,2926956
2021-12-13,22.299999237060547,22.350000381469727,22.049999237060547,22.100000381469727,2979480
2021-12-14,22.100000381469727,22.200000762939453,21.5,21.5,6422079
2021-12-15,21.5,21.75,21.450000762939453,21.5,2629856
2021-12-16,21.700000762939453,21.850000381469727,21.39999961853028,21.799999237060547,3824426
2021-12-17,21.799999237060547,22.299999237060547,21.700000762939453,22.049999237060547,5555211
2021-12-20,21.89999961853028,21.950000762939453,21.5,21.600000381469727,3134937
2021-12-21,21.600000381469727,21.75,21.5,21.64999961853028,2339300
2021-12-22,21.75,22.25,21.700000762939453,22.14999961853028,3683375
2021-12-23,22.200000762939453,22.200000762939453,21.850000381469727,22.14999961853028,2774533
2021-12-24,22.200000762939453,22.299999237060547,22.0,22.100000381469727,2551499
2021-12-27,22.200000762939453,22.700000762939453,22.200000762939453,22.5,6382211
2021-12-28,22.549999237060547,22.600000381469727,22.14999961853028,22.200000762939453,3350189
2021-12-29,22.299999237060547,22.39999961853028,22.100000381469727,22.350000381469727,2430368
2021-12-30,22.39999961853028,22.700000762939453,22.299999237060547,22.39999961853028,3232622
2022-01-03,22.5,22.600000381469727,22.25,22.450000762939453,2553926
2022-01-04,22.5,22.700000762939453,22.350000381469727,22.549999237060547,3654013
2022-01-05,22.600000381469727,22.700000762939453,22.5,22.5,2448274
2022-01-06,22.5,22.5,22.25,22.299999237060547,2418153
2022-01-07,22.39999961853028,23.0,22.39999961853028,22.5,5938125
2022-01-10,22.64999961853028,22.700000762939453,22.350000381469727,22.39999961853028,2543432
2022-01-11,22.39999961853028,22.39999961853028,21.850000381469727,22.0,3442487
2022-01-12,22.14999961853028,22.5,22.100000381469727,22.5,2528998
2022-01-13,22.64999961853028,22.850000381469727,22.350000381469727,22.450000762939453,2415152
2022-01-14,22.5,22.5,22.0,22.14999961853028,1996316
2022-01-17,22.200000762939453,22.299999237060547,22.049999237060547,22.14999961853028,1810011
2022-01-18,22.14999961853028,22.549999237060547,22.100000381469727,22.100000381469727,1741320
2022-01-19,22.200000762939453,22.350000381469727,22.0,22.0,1624249
2022-01-20,21.950000762939453,22.100000381469727,21.89999961853028,22.0,1624100
2022-01-21,21.89999961853028,22.200000762939453,21.5,21.5,3659878
2022-01-24,21.350000381469727,21.350000381469727,20.600000381469727,20.799999237060547,4294348
2022-01-25,20.549999237060547,20.64999961853028,20.100000381469727,20.100000381469727,4328100
2022-01-26,20.14999961853028,20.5,20.14999961853028,20.299999237060547,2452378
2022-02-07,20.549999237060547,21.299999237060547,20.5,21.25,2582151
2022-02-08,21.299999237060547,21.39999961853028,21.100000381469727,21.200000762939453,1846533
2022-02-09,21.39999961853028,22.049999237060547,21.200000762939453,22.0,6173242
2022-02-10,24.200000762939453,24.200000762939453,22.799999237060547,23.100000381469727,71524440
2022-02-11,22.5,22.600000381469727,22.100000381469727,22.25,16020024
2022-02-14,21.850000381469727,22.100000381469727,21.600000381469727,21.850000381469727,7429508
2022-02-15,21.799999237060547,22.049999237060547,21.64999961853028,22.0,3545815
2022-02-16,22.14999961853028,22.25,21.850000381469727,21.950000762939453,3292957
2022-02-17,22.0,22.200000762939453,21.799999237060547,21.850000381469727,3016264
2022-02-18,21.700000762939453,22.100000381469727,21.700000762939453,22.0,2212344
2022-02-21,21.89999961853028,22.950000762939453,21.89999961853028,22.600000381469727,8598731
2022-02-22,22.200000762939453,22.600000381469727,22.0,22.200000762939453,4317232
2022-02-23,22.200000762939453,22.5,22.14999961853028,22.299999237060547,2012505
2022-02-24,22.100000381469727,22.350000381469727,21.700000762939453,21.700000762939453,3703465
2022-02-25,21.89999961853028,21.950000762939453,21.450000762939453,21.600000381469727,3928849
2022-03-01,21.89999961853028,22.14999961853028,21.64999961853028,21.89999961853028,2280301
2022-03-02,22.0,22.549999237060547,22.0,22.350000381469727,4915722
2022-03-03,22.5,22.75,22.350000381469727,22.5,3375792
2022-03-04,22.350000381469727,22.39999961853028,22.14999961853028,22.14999961853028,1816147
2022-03-07,22.0,22.0,21.5,21.600000381469727,3239322
2022-03-08,21.100000381469727,21.549999237060547,20.89999961853028,20.950000762939453,3992877
2022-03-09,21.049999237060547,21.200000762939453,20.950000762939453,21.200000762939453,1860280
2022-03-10,21.549999237060547,21.89999961853028,21.5,21.799999237060547,2553772
2022-03-11,21.799999237060547,21.89999961853028,21.600000381469727,21.700000762939453,1124997
2022-03-14,21.89999961853028,22.700000762939453,21.850000381469727,22.5,6363497
2022-03-15,22.5,22.549999237060547,22.100000381469727,22.14999961853028,2768449
2022-03-16,22.350000381469727,22.350000381469727,21.950000762939453,22.200000762939453,1710773
2022-03-17,22.39999961853028,22.549999237060547,22.25,22.5,2828525
2022-03-18,22.600000381469727,22.950000762939453,22.450000762939453,22.549999237060547,5979913
2022-03-21,22.75,22.950000762939453,22.600000381469727,22.799999237060547,4791450
2022-03-22,22.950000762939453,23.14999961853028,22.75,23.049999237060547,4422207
2022-03-23,23.200000762939453,23.350000381469727,22.64999961853028,22.700000762939453,3879860
2022-03-24,22.600000381469727,22.850000381469727,22.549999237060547,22.700000762939453,1757356
2022-03-25,22.799999237060547,22.799999237060547,22.350000381469727,22.5,2200134
2022-03-28,22.299999237060547,22.600000381469727,22.0,22.600000381469727,2262100
2022-03-29,22.64999961853028,22.799999237060547,22.450000762939453,22.600000381469727,1629082
2022-03-30,22.64999961853028,22.700000762939453,22.450000762939453,22.700000762939453,1767878
2022-03-31,22.75,23.14999961853028,22.75,22.799999237060547,5823533
2022-04-01,22.700000762939453,23.049999237060547,22.5,22.799999237060547,2928899
2022-04-06,22.850000381469727,23.25,22.799999237060547,23.14999961853028,5951200
2022-04-07,23.100000381469727,23.14999961853028,22.450000762939453,22.5,3472570
2022-04-08,22.700000762939453,23.14999961853028,22.64999961853028,22.850000381469727,4997932
2022-04-11,22.799999237060547,22.850000381469727,21.700000762939453,21.799999237060547,9173174
2022-04-12,21.600000381469727,21.700000762939453,21.299999237060547,21.450000762939453,3154109
2022-04-13,21.5,21.75,21.39999961853028,21.64999961853028,1722688
2022-04-14,21.75,21.799999237060547,21.450000762939453,21.5,1436503
2022-04-15,21.450000762939453,21.5,21.200000762939453,21.5,2673920
2022-04-18,21.5,21.5,21.14999961853028,21.200000762939453,2139940
2022-04-19,21.299999237060547,21.950000762939453,21.299999237060547,21.89999961853028,2440543
2022-04-20,21.950000762939453,21.950000762939453,21.64999961853028,21.799999237060547,2363357
2022-04-21,21.950000762939453,22.0,21.700000762939453,21.700000762939453,893700
2022-04-22,21.450000762939453,21.549999237060547,21.299999237060547,21.350000381469727,1764154
2022-04-25,21.100000381469727,21.100000381469727,20.700000762939453,20.700000762939453,3638500
2022-04-26,20.799999237060547,21.0,20.64999961853028,20.75,1329103
2022-04-27,20.14999961853028,20.25,19.700000762939453,20.0,4632540
2022-04-28,20.0,20.25,19.950000762939453,20.200000762939453,1718825
2022-04-29,20.299999237060547,20.5,20.100000381469727,20.5,1684900
2022-05-03,20.200000762939453,20.200000762939453,19.799999237060547,19.89999961853028,2815844
2022-05-04,20.049999237060547,20.14999961853028,19.64999961853028,19.700000762939453,2023706
2022-05-05,19.89999961853028,20.049999237060547,19.700000762939453,19.799999237060547,1272450
2022-05-06,19.450000762939453,19.600000381469727,19.25,19.5,2065060
2022-05-09,19.350000381469727,19.450000762939453,18.89999961853028,18.89999961853028,2172741
2022-05-10,18.64999961853028,18.950000762939453,18.450000762939453,18.89999961853028,1339076
2022-05-11,18.89999961853028,18.89999961853028,18.600000381469727,18.600000381469727,1442095
2022-05-12,18.5,18.64999961853028,18.100000381469727,18.100000381469727,1912068
2022-05-13,18.299999237060547,18.64999961853028,18.25,18.600000381469727,1037401
2022-05-16,18.799999237060547,19.14999961853028,18.799999237060547,18.950000762939453,893100
2022-05-17,19.100000381469727,19.299999237060547,19.0,19.25,899055
2022-05-18,19.25,19.450000762939453,19.200000762939453,19.299999237060547,818350
2022-05-19,18.950000762939453,19.200000762939453,18.700000762939453,19.200000762939453,1055066
2022-05-20,19.200000762939453,19.39999961853028,19.200000762939453,19.299999237060547,707263
2022-05-23,19.39999961853028,19.5,19.200000762939453,19.39999961853028,509010
2022-05-24,19.25,19.549999237060547,19.14999961853028,19.25,530168
2022-05-25,19.25,19.450000762939453,19.049999237060547,19.450000762939453,607800
2022-05-26,19.5,19.549999237060547,19.25,19.299999237060547,631638
2022-05-27,19.350000381469727,19.64999961853028,19.350000381469727,19.450000762939453,525757
2022-05-30,19.549999237060547,19.75,19.549999237060547,19.700000762939453,698088
2022-05-31,19.700000762939453,19.799999237060547,19.600000381469727,19.700000762939453,613692
2022-06-01,19.700000762939453,19.89999961853028,19.64999961853028,19.850000381469727,752302
2022-06-02,19.799999237060547,20.0,19.799999237060547,19.950000762939453,688052
2022-06-06,20.100000381469727,20.100000381469727,19.799999237060547,19.799999237060547,540978
2022-06-07,19.799999237060547,19.950000762939453,19.700000762939453,19.799999237060547,490332
2022-06-08,19.950000762939453,20.0,19.799999237060547,19.89999961853028,733727
2022-06-09,19.89999961853028,20.0,19.850000381469727,19.89999961853028,478304
2022-06-10,19.700000762939453,19.89999961853028,19.64999961853028,19.850000381469727,376400
2022-06-13,19.5,19.600000381469727,19.200000762939453,19.299999237060547,1126560
2022-06-14,19.25,19.39999961853028,19.0,19.350000381469727,724091
2022-06-15,19.350000381469727,19.850000381469727,19.350000381469727,19.64999961853028,1345126
2022-06-16,19.799999237060547,19.799999237060547,19.350000381469727,19.350000381469727,827549
2022-06-17,19.100000381469727,19.39999961853028,19.0,19.350000381469727,848152
2022-06-20,19.700000762939453,20.200000762939453,18.89999961853028,18.89999961853028,2013650
2022-06-21,19.299999237060547,19.450000762939453,19.0,19.299999237060547,1125103
2022-06-22,19.350000381469727,19.350000381469727,18.75,18.850000381469727,1054858
2022-06-23,18.799999237060547,19.14999961853028,18.64999961853028,18.850000381469727,1054008
2022-06-24,19.0,19.450000762939453,18.950000762939453,19.200000762939453,948343
2022-06-27,19.39999961853028,19.600000381469727,19.25,19.25,944000
2022-06-28,19.25,19.450000762939453,19.14999961853028,19.299999237060547,764261
2022-06-29,19.100000381469727,19.299999237060547,19.100000381469727,19.200000762939453,655220
2022-06-30,19.200000762939453,19.200000762939453,18.549999237060547,18.700000762939453,2462202
2022-07-01,18.0,18.0,17.5,17.850000381469727,2837751
2022-07-04,17.399999618530273,17.950000762939453,17.399999618530273,17.799999237060547,988139
2022-07-05,18.049999237060547,18.200000762939453,17.799999237060547,17.950000762939453,753758
2022-07-06,18.049999237060547,18.100000381469727,17.549999237060547,17.549999237060547,984377
2022-07-07,17.549999237060547,18.0,17.299999237060547,17.75,906180
2022-07-08,17.75,18.0,17.600000381469727,17.700000762939453,680220
2022-07-11,17.600000381469727,17.799999237060547,17.600000381469727,17.700000762939453,480300
2022-07-12,17.5,17.700000762939453,16.700000762939453,17.149999618530273,1670371
2022-07-13,17.350000381469727,17.5,17.100000381469727,17.149999618530273,1272000
2022-07-14,17.100000381469727,17.149999618530273,16.899999618530273,17.0,1319239
2022-07-15,17.25,17.25,16.5,16.5,3137857
2022-07-18,16.649999618530273,17.600000381469727,16.5,17.600000381469727,3771100
2022-07-19,17.100000381469727,17.75,17.100000381469727,17.5,1609230
2022-07-20,17.600000381469727,17.649999618530273,17.200000762939453,17.299999237060547,960247
2022-07-21,17.25,17.5,17.100000381469727,17.350000381469727,774278
2022-07-22,17.399999618530273,17.450000762939453,17.200000762939453,17.350000381469727,486909
2022-07-25,17.200000762939453,17.5,17.149999618530273,17.399999618530273,514616
2022-07-26,17.299999237060547,17.350000381469727,17.200000762939453,17.25,345101
2022-07-27,17.450000762939453,17.450000762939453,17.149999618530273,17.25,323218
2022-07-28,17.350000381469727,17.399999618530273,17.149999618530273,17.200000762939453,633701
2022-07-29,17.200000762939453,17.399999618530273,17.200000762939453,17.299999237060547,485556
2022-08-01,17.25,17.649999618530273,17.200000762939453,17.600000381469727,1086885
2022-08-02,17.399999618530273,17.5,17.25,17.450000762939453,737070
2022-08-03,17.299999237060547,17.600000381469727,17.25,17.299999237060547,320676
2022-08-04,17.299999237060547,17.299999237060547,16.899999618530273,17.149999618530273,988263
2022-08-05,17.0,17.200000762939453,16.950000762939453,17.100000381469727,789772
2022-08-08,16.950000762939453,17.0,16.649999618530273,16.850000381469727,980133
2022-08-09,16.799999237060547,16.950000762939453,16.700000762939453,16.850000381469727,521702
2022-08-10,16.75,17.0,16.75,16.850000381469727,482243
2022-08-11,16.950000762939453,17.149999618530273,16.850000381469727,17.049999237060547,1217824
2022-08-12,17.049999237060547,17.299999237060547,17.0,17.200000762939453,798304
2022-08-15,17.299999237060547,17.5,17.149999618530273,17.399999618530273,1131201
2022-08-16,17.399999618530273,17.549999237060547,17.399999618530273,17.5,494997
2022-08-17,17.5,17.850000381469727,17.5,17.700000762939453,1242169
2022-08-18,17.700000762939453,17.850000381469727,17.5,17.850000381469727,1029473
2022-08-19,17.850000381469727,17.850000381469727,17.649999618530273,17.799999237060547,515373
2022-08-22,17.600000381469727,17.850000381469727,17.549999237060547,17.850000381469727,420000
2022-08-23,17.700000762939453,18.100000381469727,17.649999618530273,18.049999237060547,976371
2022-08-24,18.14999961853028,18.75,17.950000762939453,18.0,2849306
2022-08-25,17.950000762939453,18.14999961853028,17.899999618530273,18.14999961853028,657408
2022-08-26,18.14999961853028,18.299999237060547,18.14999961853028,18.299999237060547,452456
2022-08-29,18.0,18.200000762939453,17.799999237060547,17.850000381469727,896194
2022-08-30,17.799999237060547,18.049999237060547,17.799999237060547,18.0,352535
2022-08-31,17.899999618530273,18.299999237060547,17.899999618530273,18.299999237060547,528235
2022-09-01,18.14999961853028,18.14999961853028,17.850000381469727,17.899999618530273,796300
2022-09-02,17.899999618530273,18.049999237060547,17.899999618530273,17.899999618530273,465500
2022-09-05,17.950000762939453,18.0,17.850000381469727,17.850000381469727,451140
2022-09-06,18.0,18.049999237060547,17.850000381469727,17.950000762939453,501330
2022-09-07,17.799999237060547,17.950000762939453,17.600000381469727,17.649999618530273,771236
2022-09-08,17.850000381469727,18.100000381469727,17.700000762939453,18.049999237060547,767274
2022-09-12,18.100000381469727,18.350000381469727,18.049999237060547,18.299999237060547,1087813
2022-09-13,18.350000381469727,18.600000381469727,18.350000381469727,18.450000762939453,2024692
2022-09-14,18.049999237060547,18.450000762939453,18.049999237060547,18.350000381469727,1183005
2022-09-15,18.350000381469727,19.0,18.350000381469727,18.799999237060547,2276117
2022-09-16,18.700000762939453,19.100000381469727,18.64999961853028,18.950000762939453,2228144
2022-09-19,18.950000762939453,18.950000762939453,18.39999961853028,18.450000762939453,973526
2022-09-20,18.600000381469727,18.600000381469727,18.350000381469727,18.549999237060547,402814
2022-09-21,18.600000381469727,18.600000381469727,18.100000381469727,18.200000762939453,682710
2022-09-22,18.0,18.299999237060547,17.950000762939453,18.299999237060547,542800
2022-09-23,18.299999237060547,18.450000762939453,18.14999961853028,18.200000762939453,422300
2022-09-26,18.049999237060547,18.049999237060547,17.600000381469727,17.75,1360717
2022-09-27,17.75,17.899999618530273,17.600000381469727,17.75,559647
2022-09-28,17.799999237060547,17.799999237060547,17.0,17.100000381469727,1678231
2022-09-29,17.299999237060547,18.299999237060547,17.100000381469727,17.5,2419661
2022-09-30,17.399999618530273,17.399999618530273,17.0,17.350000381469727,1067400
2022-10-03,17.149999618530273,17.450000762939453,17.0,17.25,681128
2022-10-04,17.450000762939453,17.700000762939453,17.350000381469727,17.5,935191
2022-10-05,17.700000762939453,17.75,17.5,17.549999237060547,833100
2022-10-06,17.600000381469727,17.799999237060547,17.600000381469727,17.799999237060547,560844
2022-10-07,17.700000762939453,18.100000381469727,17.700000762939453,17.899999618530273,891073
2022-10-11,17.5,18.049999237060547,17.5,17.799999237060547,1177228
2022-10-12,17.75,18.0,17.700000762939453,17.700000762939453,1103980
2022-10-13,17.75,17.799999237060547,17.0,17.100000381469727,1895300
2022-10-14,17.299999237060547,17.350000381469727,17.100000381469727,17.149999618530273,1390779
2022-10-17,16.950000762939453,17.149999618530273,16.700000762939453,17.100000381469727,962924
2022-10-18,17.149999618530273,17.299999237060547,17.0,17.25,611171
2022-10-19,17.25,17.549999237060547,17.0,17.0,1254090
2022-10-20,16.799999237060547,17.450000762939453,16.649999618530273,17.399999618530273,4108435
2022-10-21,17.200000762939453,17.200000762939453,16.950000762939453,16.950000762939453,924288
2022-10-24,17.100000381469727,17.200000762939453,16.899999618530273,17.049999237060547,689250
2022-10-25,17.149999618530273,17.149999618530273,16.850000381469727,16.950000762939453,397100
2022-10-26,17.049999237060547,17.100000381469727,16.850000381469727,16.950000762939453,508733
2022-10-27,17.100000381469727,17.200000762939453,16.950000762939453,17.049999237060547,702514
2022-10-28,17.049999237060547,17.100000381469727,16.899999618530273,16.899999618530273,449000
2022-10-31,16.899999618530273,17.0,16.850000381469727,16.899999618530273,378403
2022-11-01,17.049999237060547,17.149999618530273,16.899999618530273,17.149999618530273,349017
2022-11-02,17.100000381469727,17.25,17.100000381469727,17.149999618530273,362030
2022-11-03,17.149999618530273,17.350000381469727,17.100000381469727,17.200000762939453,322637
2022-11-04,17.200000762939453,17.350000381469727,17.149999618530273,17.350000381469727,433999
2022-11-07,17.450000762939453,17.600000381469727,17.350000381469727,17.5,682608
2022-11-08,17.649999618530273,17.649999618530273,17.450000762939453,17.450000762939453,420847
2022-11-09,17.450000762939453,17.600000381469727,17.350000381469727,17.399999618530273,954495
2022-11-10,17.299999237060547,17.399999618530273,17.149999618530273,17.200000762939453,627229
2022-11-11,17.399999618530273,17.399999618530273,17.200000762939453,17.25,772706
2022-11-14,17.350000381469727,17.799999237060547,17.350000381469727,17.75,1527447
2022-11-15,17.799999237060547,17.899999618530273,17.600000381469727,17.799999237060547,906548
2022-11-16,17.850000381469727,17.899999618530273,17.700000762939453,17.75,1113005
2022-11-17,17.700000762939453,17.899999618530273,17.649999618530273,17.850000381469727,578120
2022-11-18,17.850000381469727,18.049999237060547,17.600000381469727,17.600000381469727,941127
2022-11-21,17.600000381469727,17.799999237060547,17.5,17.649999618530273,462234
2022-11-22,17.600000381469727,17.799999237060547,17.549999237060547,17.799999237060547,670399
2022-11-23,17.899999618530273,18.100000381469727,17.799999237060547,18.100000381469727,1219346
2022-11-24,18.200000762939453,18.299999237060547,18.049999237060547,18.25,1467862
2022-11-25,18.25,18.450000762939453,18.100000381469727,18.100000381469727,1305685
2022-11-28,18.049999237060547,18.64999961853028,17.950000762939453,18.549999237060547,1609706
2022-11-29,18.549999237060547,18.799999237060547,18.450000762939453,18.799999237060547,1351068
2022-11-30,18.89999961853028,19.200000762939453,18.64999961853028,18.799999237060547,2602594
2022-12-01,19.0,19.14999961853028,18.799999237060547,18.89999961853028,2135299
2022-12-02,19.0,19.0,18.700000762939453,18.799999237060547,963856
2022-12-05,18.950000762939453,18.950000762939453,18.600000381469727,18.600000381469727,832129
2022-12-06,18.5,18.64999961853028,18.14999961853028,18.14999961853028,1412497
2022-12-07,18.14999961853028,18.5,18.049999237060547,18.100000381469727,1007344
2022-12-08,18.100000381469727,18.200000762939453,18.100000381469727,18.14999961853028,468239
2022-12-09,18.200000762939453,18.450000762939453,18.14999961853028,18.350000381469727,655002
2022-12-12,18.350000381469727,18.600000381469727,18.200000762939453,18.450000762939453,1158612
2022-12-13,18.64999961853028,19.0,18.64999961853028,18.89999961853028,3032412
2022-12-14,18.950000762939453,19.0,18.75,18.950000762939453,1350435
2022-12-15,19.0,19.14999961853028,18.799999237060547,18.850000381469727,1768219
2022-12-16,18.700000762939453,19.0,18.64999961853028,19.0,1301741
2022-12-19,19.049999237060547,19.049999237060547,18.39999961853028,18.450000762939453,1488823
2022-12-20,18.350000381469727,18.600000381469727,18.049999237060547,18.100000381469727,1366563
2022-12-21,18.200000762939453,18.25,18.049999237060547,18.049999237060547,592732
2022-12-22,18.200000762939453,18.39999961853028,18.14999961853028,18.299999237060547,518800
2022-12-23,18.200000762939453,18.75,18.200000762939453,18.5,1342559
2022-12-26,18.89999961853028,19.450000762939453,18.64999961853028,19.0,8489865
2022-12-27,19.100000381469727,19.450000762939453,18.850000381469727,19.0,3939457
2022-12-28,19.14999961853028,19.299999237060547,18.950000762939453,19.049999237060547,3719265
2022-12-29,18.950000762939453,19.049999237060547,18.299999237060547,18.39999961853028,2493510
2022-12-30,18.600000381469727,18.600000381469727,18.299999237060547,18.600000381469727,1529741
2023-01-03,18.75,18.75,18.350000381469727,18.600000381469727,1267524
2023-01-04,18.600000381469727,18.64999961853028,18.5,18.600000381469727,758594
2023-01-05,18.64999961853028,18.799999237060547,18.450000762939453,18.549999237060547,550474
2023-01-06,18.549999237060547,18.600000381469727,18.39999961853028,18.5,484592
2023-01-09,18.5,18.600000381469727,18.39999961853028,18.39999961853028,634176
2023-01-10,18.450000762939453,18.600000381469727,18.299999237060547,18.39999961853028,737035
2023-01-11,18.5,18.64999961853028,18.39999961853028,18.5,776063
2023-01-12,18.64999961853028,18.64999961853028,18.450000762939453,18.600000381469727,504401
2023-01-13,18.600000381469727,18.799999237060547,18.549999237060547,18.799999237060547,1105783
2023-01-16,18.850000381469727,18.850000381469727,18.450000762939453,18.450000762939453,797513
2023-01-17,18.450000762939453,18.700000762939453,18.39999961853028,18.5,782270
2023-01-30,18.549999237060547,18.700000762939453,18.39999961853028,18.64999961853028,880313
2023-01-31,18.64999961853028,19.0,18.64999961853028,18.89999961853028,1667900
2023-02-01,18.89999961853028,18.950000762939453,18.799999237060547,18.850000381469727,728597
2023-02-02,18.89999961853028,18.950000762939453,18.799999237060547,18.89999961853028,736066
2023-02-03,18.850000381469727,19.14999961853028,18.75,19.14999961853028,1564805
2023-02-06,19.049999237060547,19.25,19.049999237060547,19.200000762939453,886708
2023-02-07,19.200000762939453,19.25,19.049999237060547,19.14999961853028,511333
2023-02-08,19.100000381469727,19.14999961853028,19.0,19.0,595485
2023-02-09,18.89999961853028,19.0,18.850000381469727,18.850000381469727,479541
2023-02-10,18.850000381469727,18.89999961853028,18.700000762939453,18.700000762939453,612939
2023-02-13,18.700000762939453,18.700000762939453,18.549999237060547,18.549999237060547,529279
2023-02-14,18.600000381469727,18.75,18.5,18.64999961853028,380191
2023-02-15,18.64999961853028,18.75,18.64999961853028,18.700000762939453,352968
2023-02-16,18.700000762939453,18.799999237060547,18.64999961853028,18.75,327835
2023-02-17,18.75,18.89999961853028,18.75,18.850000381469727,489706
2023-02-20,18.850000381469727,19.049999237060547,18.799999237060547,19.0,926499
2023-02-21,18.950000762939453,18.950000762939453,18.850000381469727,18.89999961853028,435814
2023-02-22,18.75,18.850000381469727,18.700000762939453,18.850000381469727,426488
2023-02-23,18.850000381469727,19.049999237060547,18.850000381469727,19.0,769931
2023-02-24,19.0,19.0,18.850000381469727,18.850000381469727,374475
2023-03-01,18.75,18.850000381469727,18.75,18.75,547351
2023-03-02,18.75,18.850000381469727,18.5,18.64999961853028,801100
2023-03-03,18.75,18.850000381469727,18.64999961853028,18.799999237060547,453913
2023-03-06,18.850000381469727,19.5,18.850000381469727,19.350000381469727,3648727
2023-03-07,20.049999237060547,21.049999237060547,20.049999237060547,20.5,19552694
2023-03-08,20.14999961853028,20.14999961853028,19.700000762939453,20.0,5093090
2023-03-09,20.0,20.0,19.799999237060547,19.799999237060547,2062778
2023-03-10,19.700000762939453,19.700000762939453,19.200000762939453,19.299999237060547,3098854
2023-03-13,19.14999961853028,19.200000762939453,18.89999961853028,19.200000762939453,1623555
2023-03-14,19.049999237060547,19.14999961853028,18.850000381469727,19.14999961853028,1835814
2023-03-15,19.200000762939453,19.200000762939453,19.0,19.14999961853028,1132806
2023-03-16,19.0,19.049999237060547,18.75,18.799999237060547,1643453
2023-03-17,18.850000381469727,19.049999237060547,18.799999237060547,19.0,645531
2023-03-20,19.0,19.049999237060547,18.850000381469727,18.89999961853028,431209
2023-03-21,19.0,19.049999237060547,18.950000762939453,19.049999237060547,559434
2023-03-22,19.100000381469727,19.14999961853028,19.0,19.14999961853028,707834
2023-03-23,19.14999961853028,19.14999961853028,19.0,19.14999961853028,730390
2023-03-24,19.200000762939453,19.200000762939453,19.0,19.14999961853028,1126233
2023-03-27,19.14999961853028,19.200000762939453,19.0,19.200000762939453,644970
2023-03-28,19.200000762939453,19.200000762939453,19.049999237060547,19.100000381469727,621440
2023-03-29,19.14999961853028,19.64999961853028,19.14999961853028,19.5,2489305
2023-03-30,19.64999961853028,19.64999961853028,19.350000381469727,19.450000762939453,698027
2023-03-31,19.549999237060547,20.049999237060547,19.5,19.89999961853028,3599500
2023-04-06,20.200000762939453,20.350000381469727,20.0,20.049999237060547,2884651
2023-04-07,20.049999237060547,20.25,19.950000762939453,20.25,1487426
2023-04-10,20.25,20.39999961853028,20.14999961853028,20.299999237060547,2082996
2023-04-11,20.350000381469727,20.549999237060547,20.299999237060547,20.450000762939453,2037678
2023-04-12,20.450000762939453,20.450000762939453,20.14999961853028,20.25,1987579
2023-04-13,20.25,20.39999961853028,20.049999237060547,20.25,2239495
2023-04-14,20.25,20.39999961853028,20.14999961853028,20.25,1357320
2023-04-17,20.25,20.39999961853028,20.14999961853028,20.350000381469727,1038810
2023-04-18,20.39999961853028,20.450000762939453,20.0,20.0,1050355
2023-04-19,20.049999237060547,20.14999961853028,19.850000381469727,19.89999961853028,736975
2023-04-20,19.89999961853028,20.950000762939453,19.850000381469727,20.299999237060547,10347502
2023-04-21,20.100000381469727,21.5,20.100000381469727,20.39999961853028,15203100
2023-04-24,20.39999961853028,21.25,20.100000381469727,21.0,12135099
2023-04-25,21.100000381469727,21.700000762939453,20.600000381469727,20.799999237060547,11235160
2023-04-26,20.799999237060547,21.89999961853028,20.299999237060547,21.39999961853028,15143250
2023-04-27,22.549999237060547,22.850000381469727,21.100000381469727,21.100000381469727,35267082
2023-04-28,21.299999237060547,21.450000762939453,20.75,20.89999961853028,7098346
2023-05-02,21.350000381469727,21.75,21.25,21.549999237060547,8240621
2023-05-03,21.600000381469727,22.0,21.39999961853028,21.89999961853028,8536460
2023-05-04,22.549999237060547,22.549999237060547,21.700000762939453,21.700000762939453,9722474
2023-05-05,21.700000762939453,21.89999961853028,21.299999237060547,21.5,3321868
2023-05-08,21.64999961853028,21.75,21.25,21.299999237060547,2661596
2023-05-09,21.25,21.75,20.950000762939453,21.0,5242312
2023-05-10,21.100000381469727,21.299999237060547,21.049999237060547,21.299999237060547,1664463
2023-05-11,21.299999237060547,21.299999237060547,20.5,20.700000762939453,4107084
2023-05-12,20.700000762939453,20.850000381469727,20.64999961853028,20.850000381469727,1095378
2023-05-15,20.850000381469727,20.850000381469727,20.39999961853028,20.64999961853028,2254600
2023-05-16,20.64999961853028,21.200000762939453,20.64999961853028,21.100000381469727,2253885
2023-05-17,21.100000381469727,21.5,21.049999237060547,21.350000381469727,3889329
2023-05-18,21.350000381469727,21.549999237060547,21.200000762939453,21.450000762939453,2590400
2023-05-19,21.5,21.64999961853028,21.14999961853028,21.14999961853028,2344596
2023-05-22,21.25,21.5,21.25,21.39999961853028,1614797
2023-05-23,21.450000762939453,21.64999961853028,21.299999237060547,21.600000381469727,2584371
2023-05-24,21.600000381469727,22.0,21.450000762939453,21.950000762939453,4531358
2023-05-25,21.950000762939453,22.0,21.64999961853028,21.64999961853028,1965642
2023-05-26,21.600000381469727,21.600000381469727,21.14999961853028,21.200000762939453,2294089
2023-05-29,21.299999237060547,21.5,21.100000381469727,21.100000381469727,1446409
2023-05-30,21.100000381469727,21.14999961853028,20.89999961853028,21.0,1763039
2023-05-31,21.14999961853028,21.25,21.0,21.14999961853028,1102212
2023-06-01,21.14999961853028,21.850000381469727,21.100000381469727,21.5,3220255
2023-06-02,21.700000762939453,21.799999237060547,21.450000762939453,21.5,1359514
2023-06-05,21.600000381469727,22.200000762939453,21.600000381469727,22.0,6031872
2023-06-06,22.100000381469727,22.700000762939453,22.0,22.600000381469727,9794979
2023-06-07,23.5,23.600000381469727,22.850000381469727,23.0,18962918
2023-06-08,22.89999961853028,23.64999961853028,22.850000381469727,23.14999961853028,13471851
2023-06-09,23.64999961853028,23.850000381469727,23.450000762939453,23.600000381469727,12011264
2023-06-12,23.850000381469727,23.850000381469727,22.850000381469727,22.950000762939453,7907319
2023-06-13,23.0,23.14999961853028,22.39999961853028,23.0,5970302
2023-06-14,23.0,23.049999237060547,22.64999961853028,22.75,3843268
2023-06-15,22.850000381469727,22.850000381469727,22.39999961853028,22.600000381469727,3855150
2023-06-16,22.850000381469727,23.75,22.700000762939453,23.100000381469727,9490845
2023-06-19,23.0,23.100000381469727,22.600000381469727,22.75,4045311
2023-06-20,22.75,22.75,22.450000762939453,22.64999961853028,2159177
2023-06-21,22.75,23.0,22.64999961853028,22.75,2301762
2023-06-26,22.75,23.0,22.450000762939453,22.850000381469727,2783000
2023-06-27,22.89999961853028,22.89999961853028,22.100000381469727,22.100000381469727,4878436
2023-06-28,22.14999961853028,22.39999961853028,22.100000381469727,22.299999237060547,2123991
2023-06-29,22.39999961853028,22.450000762939453,22.200000762939453,22.350000381469727,2264675
2023-06-30,22.299999237060547,22.350000381469727,22.0,22.14999961853028,2526060
2023-07-03,22.200000762939453,22.39999961853028,22.100000381469727,22.25,2453593
2023-07-04,22.14999961853028,22.5,22.100000381469727,22.100000381469727,2618297
2023-07-05,22.14999961853028,22.299999237060547,22.049999237060547,22.200000762939453,1770811
2023-07-06,22.25,22.5,22.14999961853028,22.350000381469727,2714193
2023-07-07,22.299999237060547,22.299999237060547,20.75,21.350000381469727,7681420
2023-07-10,21.350000381469727,21.350000381469727,20.89999961853028,21.049999237060547,3243402
2023-07-11,21.049999237060547,21.14999961853028,20.89999961853028,20.950000762939453,2861632
2023-07-12,21.0,21.049999237060547,20.799999237060547,20.89999961853028,1565566
2023-07-13,21.0,21.0,20.700000762939453,20.75,2514407
2023-07-14,20.799999237060547,21.14999961853028,20.75,20.850000381469727,2153672
2023-07-17,21.049999237060547,21.299999237060547,21.049999237060547,21.200000762939453,2092367
2023-07-18,21.39999961853028,21.39999961853028,20.799999237060547,20.799999237060547,3203306
2023-07-19,21.200000762939453,21.350000381469727,20.850000381469727,21.049999237060547,2923016
2023-07-20,21.14999961853028,21.450000762939453,20.950000762939453,21.25,2177195
2023-07-21,21.14999961853028,21.350000381469727,20.950000762939453,21.0,1961349
2023-07-24,21.0,21.0,20.299999237060547,20.450000762939453,4482338
2023-07-25,20.450000762939453,20.75,20.350000381469727,20.75,1380184
2023-07-26,20.850000381469727,21.049999237060547,20.64999961853028,20.799999237060547,1338168
2023-07-27,21.049999237060547,22.299999237060547,21.049999237060547,21.64999961853028,8207620
2023-07-28,21.799999237060547,22.0,21.5,21.75,3852109
2023-07-31,21.799999237060547,22.350000381469727,21.5,21.89999961853028,6170940
2023-08-01,21.89999961853028,22.39999961853028,21.89999961853028,22.200000762939453,3408147
2023-08-02,22.299999237060547,22.700000762939453,22.049999237060547,22.350000381469727,9251285
2023-08-04,22.450000762939453,22.799999237060547,22.200000762939453,22.350000381469727,4110305
2023-08-07,22.5,22.75,22.200000762939453,22.64999961853028,7108504
2023-08-08,22.700000762939453,22.89999961853028,22.200000762939453,22.200000762939453,4671718
2023-08-09,22.450000762939453,22.450000762939453,21.89999961853028,21.950000762939453,4406642
2023-08-10,22.0,22.0,21.350000381469727,21.549999237060547,2733527
2023-08-11,21.700000762939453,21.850000381469727,21.450000762939453,21.600000381469727,2611831
2023-08-14,21.39999961853028,21.39999961853028,20.700000762939453,20.89999961853028,3445360
2023-08-15,20.89999961853028,20.950000762939453,20.549999237060547,20.600000381469727,3394134
2023-08-16,20.5,20.5,19.950000762939453,20.049999237060547,4167878
2023-08-17,19.89999961853028,20.0,19.549999237060547,19.950000762939453,2644196
2023-08-18,19.799999237060547,20.299999237060547,19.64999961853028,19.850000381469727,3731553
2023-08-21,19.850000381469727,20.0,19.64999961853028,20.0,2253978
2023-08-22,20.100000381469727,20.100000381469727,19.75,19.799999237060547,1783049
2023-08-23,19.850000381469727,20.049999237060547,19.600000381469727,19.700000762939453,2777978
2023-08-24,19.700000762939453,20.100000381469727,19.700000762939453,19.89999961853028,1555340
2023-08-25,19.75,20.100000381469727,19.700000762939453,19.950000762939453,1865623
2023-08-28,19.950000762939453,20.25,19.89999961853028,20.0,1954215
2023-08-29,20.200000762939453,20.39999961853028,19.950000762939453,20.350000381469727,2900519
2023-08-30,20.39999961853028,20.5,20.14999961853028,20.299999237060547,2050511
2023-08-31,20.350000381469727,20.39999961853028,20.14999961853028,20.25,1513552
2023-09-01,20.350000381469727,20.549999237060547,20.299999237060547,20.350000381469727,2160946
2023-09-04,20.350000381469727,20.64999961853028,20.299999237060547,20.549999237060547,2797991
2023-09-05,20.549999237060547,20.75,20.5,20.700000762939453,1935898
2023-09-06,20.700000762939453,20.75,20.5,20.700000762939453,2069901
2023-09-07,20.549999237060547,20.799999237060547,20.299999237060547,20.299999237060547,2366150
2023-09-08,20.299999237060547,20.5,20.100000381469727,20.350000381469727,1877378
2023-09-11,20.299999237060547,20.600000381469727,20.299999237060547,20.450000762939453,1802681
2023-09-12,20.350000381469727,20.549999237060547,20.100000381469727,20.25,2822614
2023-09-13,20.25,20.5,20.200000762939453,20.350000381469727,1650447
2023-09-14,20.350000381469727,20.549999237060547,20.25,20.5,2125349
2023-09-15,20.600000381469727,20.600000381469727,20.14999961853028,20.200000762939453,1824481
2023-09-18,20.200000762939453,20.350000381469727,20.14999961853028,20.25,1499208
2023-09-19,20.299999237060547,20.350000381469727,20.100000381469727,20.100000381469727,1380602
2023-09-20,20.200000762939453,20.299999237060547,20.0,20.100000381469727,1609029
2023-09-21,20.049999237060547,20.049999237060547,19.75,19.89999961853028,1731600
2023-09-22,19.75,19.950000762939453,19.700000762939453,19.89999961853028,916800
2023-09-25,19.799999237060547,19.950000762939453,19.700000762939453,19.850000381469727,1657034
2023-09-26,19.799999237060547,20.100000381469727,19.64999961853028,19.799999237060547,2079253
2023-09-27,19.600000381469727,19.75,19.5,19.549999237060547,2589261
2023-09-28,19.549999237060547,19.549999237060547,19.100000381469727,19.100000381469727,3993153
2023-10-02,19.200000762939453,19.200000762939453,18.89999961853028,19.0,2881130
2023-10-03,19.0,19.100000381469727,18.799999237060547,18.850000381469727,3126920
2023-10-04,18.75,18.75,18.5,18.64999961853028,1976470
2023-10-05,18.64999961853028,18.950000762939453,18.64999961853028,18.799999237060547,1851555
2023-10-06,18.799999237060547,18.850000381469727,18.600000381469727,18.799999237060547,2329113
2023-10-11,18.799999237060547,18.799999237060547,18.64999961853028,18.75,1873084
2023-10-12,18.799999237060547,19.100000381469727,18.700000762939453,19.100000381469727,1970506
2023-10-13,18.950000762939453,19.200000762939453,18.950000762939453,19.049999237060547,1526020
2023-10-16,19.0,19.200000762939453,18.75,18.89999961853028,1556682
2023-10-17,18.89999961853028,18.89999961853028,18.600000381469727,18.700000762939453,1512800
2023-10-18,18.600000381469727,18.700000762939453,18.25,18.299999237060547,5170459
2023-10-19,18.25,18.5,18.049999237060547,18.450000762939453,1929277
2023-10-20,18.39999961853028,18.39999961853028,18.0,18.200000762939453,1301886
2023-10-23,18.049999237060547,18.549999237060547,18.049999237060547,18.299999237060547,2118410
2023-10-24,18.350000381469727,18.39999961853028,18.14999961853028,18.350000381469727,1076553
2023-10-25,18.450000762939453,18.64999961853028,18.39999961853028,18.450000762939453,1155551
2023-10-26,18.299999237060547,18.450000762939453,18.14999961853028,18.14999961853028,1292698
2023-10-27,18.25,18.5,18.200000762939453,18.5,1213345
2023-10-30,18.549999237060547,18.549999237060547,18.25,18.25,709559
2023-10-31,18.299999237060547,18.549999237060547,18.14999961853028,18.200000762939453,1255204
2023-11-01,18.299999237060547,18.39999961853028,18.200000762939453,18.39999961853028,706454
2023-11-02,18.450000762939453,18.549999237060547,18.39999961853028,18.450000762939453,1082183
2023-11-03,18.5,18.75,18.5,18.64999961853028,1405343
2023-11-06,18.700000762939453,18.75,18.549999237060547,18.700000762939453,1278063
2023-11-07,18.64999961853028,18.700000762939453,18.549999237060547,18.600000381469727,674277
2023-11-08,18.600000381469727,18.75,18.600000381469727,18.700000762939453,1329939
2023-11-09,18.700000762939453,18.700000762939453,18.5,18.64999961853028,1033063
2023-11-10,18.5,18.950000762939453,18.5,18.89999961853028,2416476
2023-11-13,18.850000381469727,19.25,18.700000762939453,18.950000762939453,2966711
2023-11-14,18.950000762939453,19.049999237060547,18.600000381469727,18.799999237060547,2327594
2023-11-15,18.89999961853028,19.299999237060547,18.850000381469727,19.299999237060547,3788443
2023-11-16,19.350000381469727,19.549999237060547,19.25,19.5,2417946
2023-11-17,19.25,19.64999961853028,19.25,19.64999961853028,2927470
2023-11-20,19.75,19.75,19.450000762939453,19.600000381469727,1208035
2023-11-21,19.600000381469727,19.64999961853028,19.39999961853028,19.5,1015758
2023-11-22,19.450000762939453,19.64999961853028,19.450000762939453,19.600000381469727,1344739
2023-11-23,19.600000381469727,19.600000381469727,19.350000381469727,19.39999961853028,1067701
2023-11-24,19.450000762939453,19.549999237060547,19.350000381469727,19.350000381469727,511986
2023-11-27,19.5,19.700000762939453,19.350000381469727,19.64999961853028,2375176
2023-11-28,19.700000762939453,20.14999961853028,19.64999961853028,19.700000762939453,3718535
2023-11-29,19.75,19.89999961853028,19.5,19.700000762939453,1401574
2023-11-30,19.799999237060547,19.799999237060547,19.600000381469727,19.700000762939453,1176932
2023-12-01,19.64999961853028,19.700000762939453,19.5,19.600000381469727,1212416
2023-12-04,19.600000381469727,19.850000381469727,19.549999237060547,19.75,1462026
2023-12-05,19.75,19.850000381469727,19.600000381469727,19.799999237060547,1131137
2023-12-06,19.850000381469727,20.0,19.799999237060547,20.0,1250754
2023-12-07,20.0,20.049999237060547,19.89999961853028,20.0,1433307
2023-12-08,20.0,20.049999237060547,19.799999237060547,20.0,1149974
2023-12-11,20.049999237060547,20.049999237060547,19.89999961853028,20.049999237060547,756820
2023-12-12,20.100000381469727,20.14999961853028,19.89999961853028,20.049999237060547,1258058
2023-12-13,20.049999237060547,20.100000381469727,20.0,20.100000381469727,1003085
2023-12-14,20.14999961853028,20.25,20.100000381469727,20.100000381469727,1231120
2023-12-15,20.14999961853028,20.450000762939453,20.14999961853028,20.299999237060547,2078637
2023-12-18,20.39999961853028,20.600000381469727,20.25,20.25,1371792
2023-12-19,20.25,20.39999961853028,19.950000762939453,20.39999961853028,1922468
2023-12-20,20.450000762939453,20.5,20.299999237060547,20.39999961853028,1081793
2023-12-21,20.39999961853028,20.39999961853028,20.100000381469727,20.100000381469727,1014784
2023-12-22,20.14999961853028,20.14999961853028,19.950000762939453,20.100000381469727,1271276
2023-12-25,20.200000762939453,20.25,20.100000381469727,20.100000381469727,850993
2023-12-26,20.100000381469727,20.350000381469727,20.049999237060547,20.200000762939453,831232
2023-12-27,20.25,20.299999237060547,20.100000381469727,20.100000381469727,784636
2023-12-28,20.100000381469727,20.14999961853028,19.89999961853028,20.100000381469727,1026177
2023-12-29,20.049999237060547,20.14999961853028,20.0,20.14999961853028,730093
2024-01-02,20.200000762939453,20.200000762939453,20.049999237060547,20.049999237060547,646500
2024-01-03,20.0,20.049999237060547,19.799999237060547,19.799999237060547,1178216
2024-01-04,19.799999237060547,19.799999237060547,19.549999237060547,19.600000381469727,1025221
2024-01-05,19.700000762939453,19.799999237060547,19.64999961853028,19.799999237060547,582340
2024-01-08,19.850000381469727,20.0,19.799999237060547,19.950000762939453,847786
2024-01-09,20.0,20.0,19.64999961853028,19.64999961853028,803949
2024-01-10,19.600000381469727,19.64999961853028,19.0,19.049999237060547,1884556
2024-01-11,19.25,19.39999961853028,19.100000381469727,19.350000381469727,812060
2024-01-12,19.200000762939453,19.350000381469727,19.200000762939453,19.299999237060547,795199
2024-01-15,19.200000762939453,19.299999237060547,19.0,19.100000381469727,908966
2024-01-16,19.049999237060547,19.049999237060547,18.700000762939453,18.850000381469727,1461115
2024-01-17,18.700000762939453,18.799999237060547,18.549999237060547,18.600000381469727,1361077
2024-01-18,18.549999237060547,18.700000762939453,18.5,18.600000381469727,566545
2024-01-19,18.549999237060547,18.64999961853028,18.549999237060547,18.600000381469727,669064
2024-01-22,18.600000381469727,18.799999237060547,18.549999237060547,18.799999237060547,706111
2024-01-23,18.700000762939453,18.950000762939453,18.700000762939453,18.850000381469727,509196
2024-01-24,18.799999237060547,19.049999237060547,18.799999237060547,19.049999237060547,697797
2024-01-25,19.049999237060547,19.049999237060547,18.799999237060547,18.799999237060547,408591
2024-01-26,18.799999237060547,19.0,18.75,18.850000381469727,433270
2024-01-29,18.799999237060547,19.049999237060547,18.799999237060547,18.89999961853028,357526
2024-01-30,18.89999961853028,18.89999961853028,18.600000381469727,18.600000381469727,681308
2024-01-31,18.600000381469727,18.64999961853028,18.5,18.5,477853
2024-02-01,18.600000381469727,18.89999961853028,18.5,18.75,1339774
2024-02-02,18.850000381469727,18.89999961853028,18.600000381469727,18.64999961853028,1021597
2024-02-05,18.64999961853028,18.64999961853028,18.39999961853028,18.39999961853028,811301
2024-02-15,18.549999237060547,18.799999237060547,18.549999237060547,18.799999237060547,715036
2024-02-16,18.799999237060547,19.14999961853028,18.799999237060547,19.100000381469727,984147
2024-02-19,19.299999237060547,19.39999961853028,19.14999961853028,19.25,839203
2024-02-20,19.350000381469727,19.39999961853028,19.14999961853028,19.200000762939453,1084646
2024-02-21,19.25,19.299999237060547,19.049999237060547,19.049999237060547,817288
2024-02-22,19.100000381469727,19.14999961853028,19.0,19.049999237060547,569870
2024-02-23,19.14999961853028,19.14999961853028,18.799999237060547,18.799999237060547,1027636
2024-02-26,18.799999237060547,20.25,18.799999237060547,19.64999961853028,11819524
2024-02-27,19.799999237060547,19.850000381469727,19.299999237060547,19.299999237060547,3072816
2024-02-29,19.5,19.5,19.100000381469727,19.200000762939453,1961166
2024-03-01,19.14999961853028,19.200000762939453,18.950000762939453,19.0,1306030
2024-03-04,19.0,19.25,18.799999237060547,18.950000762939453,1676261
2024-03-05,18.75,18.89999961853028,18.5,18.64999961853028,2544832
2024-03-06,18.700000762939453,18.89999961853028,18.549999237060547,18.600000381469727,1332235
2024-03-07,18.600000381469727,18.75,18.299999237060547,18.64999961853028,3180514
2024-03-08,18.5,18.5,18.25,18.299999237060547,1926051
2024-03-11,18.14999961853028,18.350000381469727,18.100000381469727,18.25,1883429
2024-03-12,18.350000381469727,18.549999237060547,18.25,18.450000762939453,897178
2024-03-13,18.299999237060547,18.350000381469727,18.14999961853028,18.200000762939453,1110121
2024-03-14,18.200000762939453,18.25,18.049999237060547,18.200000762939453,1028851
2024-03-15,18.200000762939453,18.200000762939453,18.049999237060547,18.14999961853028,784627
2024-03-18,18.14999961853028,18.200000762939453,18.0,18.14999961853028,674152
2024-03-19,18.049999237060547,18.100000381469727,18.0,18.049999237060547,816219
2024-03-20,18.049999237060547,18.14999961853028,17.799999237060547,17.850000381469727,1914427
2024-03-21,17.850000381469727,18.100000381469727,17.850000381469727,18.049999237060547,1152321
2024-03-22,18.100000381469727,18.200000762939453,17.899999618530273,18.049999237060547,833803
2024-03-25,18.0,18.200000762939453,17.950000762939453,18.100000381469727,960790
2024-03-26,18.100000381469727,18.200000762939453,17.950000762939453,17.950000762939453,753672
2024-03-27,17.950000762939453,18.0,17.899999618530273,18.0,568266
2024-03-28,18.0,18.14999961853028,17.899999618530273,18.0,716811
2024-03-29,17.950000762939453,18.049999237060547,17.899999618530273,17.950000762939453,645000
2024-04-01,18.0,18.100000381469727,18.0,18.100000381469727,748375
2024-04-02,18.100000381469727,18.100000381469727,17.950000762939453,18.049999237060547,916634
2024-04-03,18.049999237060547,18.049999237060547,17.799999237060547,17.899999618530273,1159800
2024-04-08,17.850000381469727,17.899999618530273,17.5,17.75,2070614
2024-04-09,17.75,18.049999237060547,17.75,18.049999237060547,1773839
2024-04-10,18.100000381469727,18.39999961853028,18.100000381469727,18.200000762939453,1785562
2024-04-11,18.100000381469727,18.200000762939453,17.700000762939453,17.850000381469727,1607366
2024-04-12,17.799999237060547,17.950000762939453,17.75,17.850000381469727,895988
2024-04-15,17.850000381469727,18.0,17.75,17.75,809712
2024-04-16,17.75,17.75,17.100000381469727,17.25,3045228
2024-04-17,17.25,17.399999618530273,17.200000762939453,17.399999618530273,885779
2024-04-18,17.350000381469727,17.5,17.149999618530273,17.5,764080
2024-04-19,17.399999618530273,17.5,16.799999237060547,17.0,2602451
2024-04-22,17.049999237060547,17.399999618530273,17.0,17.200000762939453,1373415
2024-04-23,17.299999237060547,17.350000381469727,17.149999618530273,17.299999237060547,602023
2024-04-24,17.25,17.399999618530273,17.200000762939453,17.299999237060547,657080
2024-04-25,17.299999237060547,17.350000381469727,17.200000762939453,17.200000762939453,563381
2024-04-26,17.25,17.299999237060547,17.200000762939453,17.299999237060547,740282
2024-04-29,17.299999237060547,17.649999618530273,17.25,17.649999618530273,1162496
2024-04-30,17.649999618530273,17.649999618530273,17.350000381469727,17.350000381469727,679124
2024-05-02,17.350000381469727,17.600000381469727,17.350000381469727,17.600000381469727,922052
2024-05-03,17.600000381469727,17.600000381469727,17.350000381469727,17.350000381469727,1243006
2024-05-06,17.350000381469727,17.549999237060547,17.299999237060547,17.299999237060547,1107772
2024-05-07,17.450000762939453,17.5,17.049999237060547,17.25,1526755
2024-05-08,17.25,17.350000381469727,17.200000762939453,17.350000381469727,799129
2024-05-09,17.350000381469727,17.399999618530273,17.149999618530273,17.299999237060547,613358
2024-05-10,17.5,17.649999618530273,17.399999618530273,17.649999618530273,1369029
2024-05-13,17.799999237060547,17.850000381469727,17.649999618530273,17.850000381469727,1214809
2024-05-14,17.850000381469727,17.850000381469727,17.600000381469727,17.600000381469727,881226
2024-05-15,17.600000381469727,17.700000762939453,17.549999237060547,17.549999237060547,877559
2024-05-16,17.700000762939453,17.75,17.549999237060547,17.600000381469727,782585
2024-05-17,17.649999618530273,17.799999237060547,17.649999618530273,17.799999237060547,725824
2024-05-20,17.899999618530273,17.950000762939453,17.75,17.850000381469727,1074061
2024-05-21,17.700000762939453,17.700000762939453,17.399999618530273,17.600000381469727,952478
2024-05-22,17.600000381469727,17.700000762939453,17.600000381469727,17.700000762939453,466635
2024-05-23,17.649999618530273,17.649999618530273,17.299999237060547,17.299999237060547,1225888
2024-05-24,17.200000762939453,17.399999618530273,17.049999237060547,17.399999618530273,937461
2024-05-27,17.399999618530273,17.399999618530273,17.100000381469727,17.25,1332034
2024-05-28,17.25,17.450000762939453,17.200000762939453,17.399999618530273,1086473
2024-05-29,17.450000762939453,17.450000762939453,17.149999618530273,17.350000381469727,1253982
2024-05-30,17.299999237060547,17.299999237060547,17.049999237060547,17.200000762939453,1753822
2024-05-31,17.350000381469727,17.5,17.149999618530273,17.299999237060547,1192879
2024-06-03,17.399999618530273,17.399999618530273,17.149999618530273,17.200000762939453,895443
2024-06-04,17.25,17.25,17.100000381469727,17.100000381469727,693299
2024-06-05,17.149999618530273,17.200000762939453,16.950000762939453,16.950000762939453,1519310
2024-06-06,17.0,17.049999237060547,16.600000381469727,16.700000762939453,3225696
2024-06-07,16.899999618530273,17.100000381469727,16.700000762939453,17.0,1557490
2024-06-11,17.149999618530273,17.299999237060547,17.0,17.049999237060547,1933191
2024-06-12,17.450000762939453,17.450000762939453,17.0,17.149999618530273,1237918
2024-06-13,17.25,17.25,17.0,17.049999237060547,928461
2024-06-14,17.049999237060547,17.149999618530273,17.0,17.100000381469727,789432
2024-06-17,17.149999618530273,17.299999237060547,17.149999618530273,17.200000762939453,997548
2024-06-18,17.200000762939453,17.299999237060547,17.049999237060547,17.200000762939453,1188002
2024-06-19,17.25,17.299999237060547,17.100000381469727,17.200000762939453,890777
2024-06-20,17.25,17.399999618530273,17.149999618530273,17.350000381469727,1186670
2024-06-21,17.350000381469727,17.5,17.350000381469727,17.5,1290506
2024-06-24,17.549999237060547,17.649999618530273,17.450000762939453,17.549999237060547,1479414
2024-06-25,17.649999618530273,17.649999618530273,17.25,17.450000762939453,1152840
2024-06-26,17.450000762939453,17.450000762939453,17.149999618530273,17.200000762939453,884346
2024-06-27,17.149999618530273,17.200000762939453,17.100000381469727,17.200000762939453,657101
2024-06-28,17.200000762939453,17.399999618530273,17.200000762939453,17.200000762939453,784860
2024-07-01,17.299999237060547,17.399999618530273,17.200000762939453,17.200000762939453,810295
2024-07-02,17.149999618530273,17.200000762939453,17.0,17.049999237060547,1152023
2024-07-03,17.049999237060547,17.200000762939453,17.0,17.200000762939453,792221
2024-07-04,17.25,17.399999618530273,17.200000762939453,17.399999618530273,939835
2024-07-05,17.399999618530273,17.700000762939453,17.399999618530273,17.649999618530273,2133111
2024-07-08,17.700000762939453,17.75,17.5,17.5,1123408
2024-07-09,17.5,17.549999237060547,17.100000381469727,17.25,669162
2024-07-10,17.350000381469727,17.75,17.350000381469727,17.649999618530273,1954825
2024-07-11,17.649999618530273,17.850000381469727,17.5,17.75,2978852
2024-07-12,17.75,18.0,17.700000762939453,17.850000381469727,3917745
2024-07-15,17.950000762939453,18.0,17.649999618530273,17.649999618530273,2229789
2024-07-16,17.799999237060547,17.799999237060547,17.5,17.5,1122802
2024-07-17,17.700000762939453,18.0,17.600000381469727,17.950000762939453,2761366
2024-07-18,17.899999618530273,18.200000762939453,17.850000381469727,18.0,2593924
2024-07-19,18.0,18.0,17.399999618530273,17.600000381469727,2197694
2024-07-22,17.75,17.799999237060547,17.399999618530273,17.75,1539872
2024-07-23,17.850000381469727,18.0,17.799999237060547,17.799999237060547,998930
2024-07-26,17.649999618530273,17.950000762939453,17.549999237060547,17.899999618530273,1013790
2024-07-29,18.0,18.14999961853028,17.899999618530273,17.899999618530273,1392747
2024-07-30,17.899999618530273,18.049999237060547,17.700000762939453,18.0,862664
2024-07-31,18.0,18.14999961853028,17.899999618530273,17.899999618530273,929182
2024-08-01,18.049999237060547,18.350000381469727,17.950000762939453,18.25,2432213
2024-08-02,18.14999961853028,18.14999961853028,17.899999618530273,17.950000762939453,2093831
2024-08-05,17.700000762939453,17.700000762939453,16.5,16.600000381469727,4512657
2024-08-06,16.049999237060547,16.600000381469727,15.199999809265137,16.25,5054575
2024-08-07,16.299999237060547,17.0,16.299999237060547,16.5,2573031
2024-08-08,16.25,16.649999618530273,16.200000762939453,16.450000762939453,831617
2024-08-09,16.549999237060547,16.75,16.450000762939453,16.5,1245793
2024-08-12,16.549999237060547,16.950000762939453,16.549999237060547,16.799999237060547,1303696
2024-08-13,16.700000762939453,16.799999237060547,16.5,16.75,800358
2024-08-14,16.799999237060547,17.25,16.75,17.25,1888187
2024-08-15,17.200000762939453,17.299999237060547,17.100000381469727,17.299999237060547,940560
2024-08-16,17.299999237060547,17.450000762939453,17.200000762939453,17.200000762939453,873285
2024-08-19,17.200000762939453,17.399999618530273,17.200000762939453,17.350000381469727,810718
2024-08-20,17.350000381469727,17.350000381469727,17.200000762939453,17.200000762939453,431377
2024-08-21,17.399999618530273,17.399999618530273,17.100000381469727,17.299999237060547,443843
2024-08-22,17.049999237060547,18.100000381469727,16.950000762939453,17.75,7395323
2024-08-23,17.600000381469727,17.649999618530273,17.299999237060547,17.549999237060547,1117015
2024-08-26,17.549999237060547,18.0,17.5,17.899999618530273,2683384
2024-08-27,17.899999618530273,17.899999618530273,17.700000762939453,17.899999618530273,810541
2024-08-28,17.899999618530273,17.950000762939453,17.799999237060547,17.850000381469727,619381
2024-08-29,17.799999237060547,18.200000762939453,17.75,17.950000762939453,1196626
2024-08-30,17.899999618530273,18.0,17.899999618530273,18.0,1049604
2024-09-02,18.0,18.0,17.799999237060547,17.899999618530273,823111
2024-09-03,17.850000381469727,18.0,17.850000381469727,17.899999618530273,632105
2024-09-04,17.450000762939453,17.899999618530273,17.299999237060547,17.450000762939453,1673480
2024-09-05,17.649999618530273,18.0,17.600000381469727,17.899999618530273,2080217
2024-09-06,18.0,18.0,17.649999618530273,17.899999618530273,1140481
2024-09-09,17.700000762939453,18.049999237060547,17.549999237060547,18.049999237060547,1238050
2024-09-10,18.0,18.64999961853028,17.950000762939453,18.549999237060547,5839690
2024-09-11,18.25,18.39999961853028,18.100000381469727,18.299999237060547,2365716
2024-09-12,18.350000381469727,18.350000381469727,17.950000762939453,18.100000381469727,2087957
2024-09-13,18.100000381469727,18.600000381469727,18.100000381469727,18.39999961853028,1457957
2024-09-16,18.39999961853028,18.950000762939453,18.39999961853028,18.75,5211789
2024-09-18,18.75,19.14999961853028,18.5,18.850000381469727,5015906
2024-09-19,18.75,18.89999961853028,18.299999237060547,18.600000381469727,3192866
2024-09-20,18.600000381469727,18.799999237060547,18.350000381469727,18.600000381469727,2943066
2024-09-23,18.600000381469727,18.700000762939453,18.25,18.299999237060547,1723652
2024-09-24,18.39999961853028,18.39999961853028,18.100000381469727,18.299999237060547,1330348
2024-09-25,18.299999237060547,18.5,18.14999961853028,18.200000762939453,1497784
2024-09-26,18.299999237060547,18.350000381469727,18.14999961853028,18.200000762939453,923786
2024-09-27,18.299999237060547,18.89999961853028,18.25,18.799999237060547,4629623
2024-09-30,18.799999237060547,18.89999961853028,18.600000381469727,18.799999237060547,1409526
2024-10-01,18.799999237060547,18.850000381469727,18.5,18.850000381469727,987063
2024-10-04,18.850000381469727,19.0,18.549999237060547,18.799999237060547,1528878
2024-10-07,18.799999237060547,18.799999237060547,18.5,18.549999237060547,1375672
2024-10-08,18.5,18.600000381469727,18.350000381469727,18.39999961853028,1106101
2024-10-09,18.5,18.5,17.700000762939453,17.700000762939453,2572615
2024-10-11,17.649999618530273,18.0,17.649999618530273,17.799999237060547,778927
2024-10-14,17.799999237060547,18.0,17.700000762939453,17.899999618530273,606180
2024-10-15,17.899999618530273,17.899999618530273,17.75,17.799999237060547,522005
2024-10-16,17.850000381469727,18.100000381469727,17.799999237060547,17.799999237060547,1274917
2024-10-17,17.799999237060547,18.14999961853028,17.799999237060547,18.14999961853028,863187
2024-10-18,18.200000762939453,18.200000762939453,17.899999618530273,18.049999237060547,598684
2024-10-21,18.14999961853028,18.14999961853028,17.899999618530273,17.950000762939453,724383
2024-10-22,18.0,18.049999237060547,17.75,17.799999237060547,750415
2024-10-23,17.75,17.950000762939453,17.75,17.799999237060547,590655
2024-10-24,17.799999237060547,18.049999237060547,17.700000762939453,18.049999237060547,674846
2024-10-25,18.049999237060547,18.049999237060547,17.75,17.799999237060547,537749
2024-10-28,17.799999237060547,18.0,17.75,17.950000762939453,591633
2024-10-29,18.0,18.0,17.700000762939453,17.75,471876
2024-10-30,17.799999237060547,17.899999618530273,17.600000381469727,17.649999618530273,698833
2024-11-01,17.649999618530273,17.899999618530273,17.549999237060547,17.850000381469727,620694
2024-11-04,17.799999237060547,17.899999618530273,17.649999618530273,17.75,294955
2024-11-05,17.850000381469727,17.899999618530273,17.75,17.799999237060547,321106
2024-11-06,17.850000381469727,17.950000762939453,17.799999237060547,17.799999237060547,330446
2024-11-07,17.700000762939453,18.14999961853028,17.700000762939453,17.950000762939453,738211
2024-11-08,17.950000762939453,18.049999237060547,17.75,17.799999237060547,551024
2024-11-11,17.600000381469727,17.700000762939453,17.100000381469727,17.299999237060547,1708594
2024-11-12,17.200000762939453,17.200000762939453,16.899999618530273,17.049999237060547,946124
2024-11-13,17.0,17.0,16.75,16.799999237060547,991028
2024-11-14,16.700000762939453,16.850000381469727,16.5,16.649999618530273,969551
2024-11-15,16.600000381469727,16.850000381469727,16.600000381469727,16.700000762939453,456062
2024-11-18,16.75,17.049999237060547,16.700000762939453,16.799999237060547,896207
2024-11-19,16.850000381469727,16.850000381469727,16.649999618530273,16.700000762939453,739737
2024-11-20,16.450000762939453,16.450000762939453,16.450000762939453,16.450000762939453,1414842
2024-11-21,16.350000381469727,16.450000762939453,16.25,16.299999237060547,992071
2024-11-22,16.5,16.5,16.200000762939453,16.25,1046988
2024-11-25,16.299999237060547,16.5,16.299999237060547,16.399999618530273,1177857
2024-11-26,16.5,16.600000381469727,16.350000381469727,16.399999618530273,590937
2024-11-27,16.399999618530273,16.5,16.200000762939453,16.25,718015
2024-11-28,16.25,16.350000381469727,16.049999237060547,16.149999618530273,666240
2024-11-29,16.100000381469727,16.200000762939453,16.0,16.200000762939453,597200
2024-12-02,16.200000762939453,16.299999237060547,15.699999809265137,15.800000190734863,1850353
2024-12-03,16.0,16.200000762939453,15.899999618530272,15.949999809265137,1141282
2024-12-04,16.0,16.100000381469727,15.850000381469728,16.0,611833
2024-12-05,16.100000381469727,16.100000381469727,15.600000381469728,15.600000381469728,1596683
2024-12-06,15.600000381469728,15.699999809265137,15.550000190734863,15.600000381469728,679670
2024-12-09,15.649999618530272,15.699999809265137,15.300000190734863,15.399999618530272,1835622
2024-12-10,15.649999618530272,15.75,15.449999809265137,15.600000381469728,1246468
2024-12-11,15.600000381469728,15.600000381469728,15.399999618530272,15.399999618530272,667191
2024-12-12,15.399999618530272,15.5,15.199999809265137,15.199999809265137,1385703
2024-12-13,15.199999809265137,15.199999809265137,14.600000381469728,14.699999809265137,2322921
2024-12-16,14.699999809265137,14.949999809265137,14.350000381469728,14.399999618530272,1391718
2024-12-17,14.350000381469728,14.5,14.350000381469728,14.5,973838
2024-12-18,14.5,14.699999809265137,14.300000190734863,14.449999809265137,985476
2024-12-19,14.449999809265137,14.5,14.199999809265137,14.350000381469728,875886
2024-12-20,14.300000190734863,14.399999618530272,13.850000381469728,13.949999809265137,6789244
2024-12-23,14.050000190734863,14.5,14.050000190734863,14.399999618530272,1183510
2024-12-24,14.5,14.75,14.449999809265137,14.5,1216187
2024-12-25,14.600000381469728,14.699999809265137,14.449999809265137,14.600000381469728,564824
2024-12-26,14.649999618530272,14.850000381469728,14.449999809265137,14.5,704361
2024-12-27,14.600000381469728,14.600000381469728,14.300000190734863,14.399999618530272,473145
2024-12-30,14.449999809265137,14.5,14.199999809265137,14.199999809265137,325720
2024-12-31,14.25,14.399999618530272,14.149999618530272,14.300000190734863,620265
2025-01-02,14.199999809265137,14.399999618530272,13.949999809265137,14.0,1253264
2025-01-03,14.100000381469728,14.25,13.899999618530272,13.949999809265137,618681
2025-01-06,14.149999618530272,14.600000381469728,13.949999809265137,14.449999809265137,1253826
2025-01-07,14.5,14.5,14.0,14.0,834553
2025-01-08,14.0,14.149999618530272,13.75,13.899999618530272,917117
2025-01-09,13.899999618530272,13.899999618530272,13.399999618530272,13.449999809265137,1334300
2025-01-10,13.399999618530272,13.550000190734863,13.25,13.350000381469728,1381322
2025-01-13,13.350000381469728,13.449999809265137,13.0,13.300000190734863,1439630
2025-01-14,13.399999618530272,13.800000190734863,13.399999618530272,13.800000190734863,836601
2025-01-15,13.850000381469728,15.0,13.800000190734863,14.600000381469728,2968412
2025-01-16,14.550000190734863,14.75,14.350000381469728,14.350000381469728,1176119
2025-01-17,14.399999618530272,15.0,14.399999618530272,14.899999618530272,1597296
2025-01-20,15.0,15.0,14.649999618530272,14.699999809265137,611717
2025-01-21,14.850000381469728,15.0,14.600000381469728,14.699999809265137,794607
2025-01-22,14.850000381469728,14.850000381469728,14.649999618530272,14.800000190734863,633292
2025-02-03,14.800000190734863,14.800000190734863,14.350000381469728,14.5,1062200
2025-02-04,14.550000190734863,14.699999809265137,14.449999809265137,14.5,660054
2025-02-05,14.649999618530272,14.800000190734863,14.399999618530272,14.399999618530272,683891
2025-02-06,14.5,14.699999809265137,14.399999618530272,14.600000381469728,439645
2025-02-07,14.699999809265137,14.699999809265137,14.350000381469728,14.449999809265137,578007
2025-02-10,14.600000381469728,15.199999809265137,14.600000381469728,15.050000190734863,1551971
2025-02-11,15.100000381469728,15.199999809265137,14.600000381469728,14.600000381469728,1113036
2025-02-12,14.649999618530272,15.300000190734863,14.600000381469728,14.699999809265137,1951695
2025-02-13,14.75,15.5,14.649999618530272,15.399999618530272,3184820
2025-02-14,15.300000190734863,15.550000190734863,15.149999618530272,15.550000190734863,1605820
2025-02-17,15.600000381469728,15.600000381469728,15.149999618530272,15.300000190734863,1941884
2025-02-18,15.149999618530272,15.199999809265137,14.649999618530272,14.75,3460701
2025-02-19,14.75,15.0,14.649999618530272,15.0,2325983
2025-02-20,15.0,15.100000381469728,14.75,14.800000190734863,1488286
2025-02-21,14.800000190734863,15.100000381469728,14.699999809265137,14.899999618530272,1101555
2025-02-24,14.949999809265137,15.5,14.899999618530272,15.5,2567153
2025-02-25,15.300000190734863,15.850000381469728,15.0,15.75,5831830
2025-02-26,15.699999809265137,15.699999809265137,15.199999809265137,15.600000381469728,2777463
2025-02-27,15.600000381469728,16.799999237060547,15.550000190734863,15.550000190734863,21482279
2025-03-03,15.699999809265137,16.700000762939453,15.649999618530272,16.25,10815240
2025-03-04,16.549999237060547,16.799999237060547,16.100000381469727,16.549999237060547,14725599
2025-03-05,16.649999618530273,17.100000381469727,16.450000762939453,16.700000762939453,8452663
2025-03-06,17.049999237060547,17.399999618530273,16.850000381469727,17.149999618530273,11611527
2025-03-07,17.450000762939453,17.950000762939453,17.25,17.350000381469727,15783018
2025-03-10,17.450000762939453,17.600000381469727,16.799999237060547,17.0,9361196
2025-03-11,16.700000762939453,16.850000381469727,16.399999618530273,16.799999237060547,4652127
2025-03-12,16.850000381469727,16.850000381469727,16.450000762939453,16.450000762939453,3763620
2025-03-13,16.549999237060547,16.600000381469727,15.949999809265137,16.100000381469727,3781903
2025-03-14,16.100000381469727,16.299999237060547,15.850000381469728,16.049999237060547,2393127
2025-03-17,16.100000381469727,16.149999618530273,15.899999618530272,15.899999618530272,1396254
2025-03-18,16.0,16.049999237060547,15.850000381469728,16.0,1044733
2025-03-19,16.0,16.450000762939453,15.899999618530272,16.25,1888837
2025-03-20,16.399999618530273,16.399999618530273,16.149999618530273,16.149999618530273,1008113
2025-03-21,16.399999618530273,16.399999618530273,15.75,15.75,2994950
2025-03-24,15.699999809265137,16.350000381469727,15.600000381469728,16.200000762939453,2839623
2025-03-25,16.0,16.049999237060547,15.449999809265137,15.649999618530272,4310416
2025-03-26,15.649999618530272,15.800000190734863,15.600000381469728,15.75,1142548
2025-03-27,15.75,15.75,15.449999809265137,15.550000190734863,1234429
2025-03-28,15.550000190734863,15.550000190734863,14.949999809265137,15.149999618530272,2204150
2025-03-31,14.899999618530272,14.899999618530272,14.550000190734863,14.550000190734863,2014643
2025-04-01,14.550000190734863,15.0,14.550000190734863,14.850000381469728,759050
2025-04-02,14.899999618530272,15.350000381469728,14.75,15.199999809265137,1321843
2025-04-07,13.699999809265137,13.699999809265137,13.699999809265137,13.699999809265137,799059
2025-04-08,12.899999618530272,13.100000381469728,12.550000190734863,13.050000190734863,5244010
2025-04-09,13.050000190734863,13.050000190734863,11.800000190734863,11.949999809265137,5163895
2025-04-10,13.0,13.100000381469728,13.0,13.100000381469728,1709823
2025-04-11,12.899999618530272,13.199999809265137,12.5,13.199999809265137,1697500
2025-04-14,13.449999809265137,13.5,13.0,13.050000190734863,1884280
2025-04-15,13.050000190734863,13.449999809265137,13.050000190734863,13.399999618530272,1350000
2025-04-16,13.25,13.25,13.050000190734863,13.100000381469728,1149639
2025-04-17,12.949999809265137,12.949999809265137,12.75,12.899999618530272,857128
2025-04-18,12.899999618530272,13.100000381469728,12.899999618530272,12.899999618530272,762185
2025-04-21,13.0,13.0,12.800000190734863,12.850000381469728,532018
2025-04-22,12.800000190734863,13.0,12.699999809265137,12.800000190734863,439357
2025-04-23,12.899999618530272,13.149999618530272,12.899999618530272,13.100000381469728,665350
2025-04-24,13.100000381469728,13.199999809265137,12.949999809265137,13.100000381469728,324215
2025-04-25,13.199999809265137,13.25,13.050000190734863,13.100000381469728,752358
2025-04-28,13.199999809265137,13.300000190734863,13.100000381469728,13.25,817272
2025-04-29,13.300000190734863,13.899999618530272,13.300000190734863,13.75,1821901
2025-04-30,13.850000381469728,13.850000381469728,13.550000190734863,13.600000381469728,931403
2025-05-02,13.649999618530272,13.850000381469728,13.600000381469728,13.75,905464
2025-05-05,13.800000190734863,14.149999618530272,13.75,13.850000381469728,1097371
2025-05-06,13.850000381469728,14.050000190734863,13.800000190734863,13.899999618530272,835256
2025-05-07,13.899999618530272,14.300000190734863,13.899999618530272,14.149999618530272,783553
2025-05-08,14.149999618530272,14.199999809265137,13.850000381469728,14.0,807033
2025-05-09,13.899999618530272,13.949999809265137,13.649999618530272,13.899999618530272,831413
2025-05-12,13.800000190734863,13.949999809265137,13.75,13.850000381469728,903133
2025-05-13,14.0,14.100000381469728,13.5,13.899999618530272,2152024
2025-05-14,13.800000190734863,14.0,13.699999809265137,14.0,1073320
2025-05-15,14.0,14.0,13.75,13.850000381469728,731425
2025-05-16,13.899999618530272,13.949999809265137,13.800000190734863,13.800000190734863,542749
2025-05-19,13.800000190734863,14.100000381469728,13.800000190734863,13.800000190734863,909208
2025-05-20,13.899999618530272,14.0,13.850000381469728,13.899999618530272,472201
2025-05-21,13.800000190734863,13.949999809265137,13.699999809265137,13.899999618530272,673262
2025-05-22,13.899999618530272,13.899999618530272,13.449999809265137,13.5,1065281
2025-05-23,13.399999618530272,13.649999618530272,13.350000381469728,13.649999618530272,806392
2025-05-26,13.600000381469728,13.75,13.550000190734863,13.75,801509
2025-05-27,13.649999618530272,14.199999809265137,13.600000381469728,13.600000381469728,1677205
2025-05-28,13.649999618530272,13.75,13.399999618530272,13.5,626500
2025-05-29,13.600000381469728,13.600000381469728,13.199999809265137,13.25,1174143
2025-06-02,13.199999809265137,13.199999809265137,12.800000190734863,12.800000190734863,1421680
2025-06-03,12.899999618530272,13.0,12.800000190734863,12.800000190734863,609238
2025-06-04,12.899999618530272,13.050000190734863,12.800000190734863,12.899999618530272,484736
2025-06-05,12.899999618530272,13.0,12.800000190734863,12.850000381469728,440994
2025-06-06,12.899999618530272,12.949999809265137,12.800000190734863,12.850000381469728,485302
2025-06-09,12.949999809265137,12.949999809265137,12.550000190734863,12.550000190734863,1097023
2025-06-10,12.600000381469728,12.899999618530272,12.600000381469728,12.699999809265137,631367
2025-06-11,12.649999618530272,12.649999618530272,12.449999809265137,12.600000381469728,1513315
2025-06-12,12.550000190734863,12.600000381469728,12.25,12.5,1245807
2025-06-13,12.350000381469728,12.350000381469728,12.149999618530272,12.199999809265137,1158390
2025-06-16,12.199999809265137,12.449999809265137,12.050000190734863,12.25,849088
2025-06-17,12.300000190734863,12.300000190734863,12.050000190734863,12.300000190734863,1234078
2025-06-18,12.25,12.399999618530272,12.149999618530272,12.300000190734863,1045756
2025-06-19,12.199999809265137,12.199999809265137,11.949999809265137,12.100000381469728,1932354
2025-06-20,12.100000381469728,12.149999618530272,11.899999618530272,11.899999618530272,3667328
2025-06-23,11.949999809265137,11.949999809265137,11.399999618530272,11.800000190734863,1605210
2025-06-24,11.850000381469728,12.100000381469728,11.850000381469728,11.949999809265137,1007300
2025-06-25,12.0,12.050000190734863,11.899999618530272,11.899999618530272,432747
2025-06-26,12.0,12.25,11.949999809265137,12.0,995214
2025-06-27,12.0,12.25,11.949999809265137,12.050000190734863,663100
2025-06-30,12.199999809265137,12.300000190734863,11.850000381469728,11.850000381469728,1565274
2025-07-01,11.850000381469728,12.0,11.75,11.75,927314
2025-07-02,11.800000190734863,11.899999618530272,11.649999618530272,11.649999618530272,789305
2025-07-03,11.649999618530272,11.850000381469728,11.649999618530272,11.75,1438854
2025-07-04,11.899999618530272,12.199999809265137,11.600000381469728,11.600000381469728,1439461
2025-07-07,11.699999809265137,11.699999809265137,11.25,11.350000381469728,1412350
2025-07-08,11.399999618530272,11.399999618530272,11.199999809265137,11.300000190734863,1024267
2025-07-09,11.399999618530272,11.399999618530272,11.199999809265137,11.199999809265137,723623
2025-07-10,11.199999809265137,11.25,11.149999618530272,11.149999618530272,487685
2025-07-11,11.149999618530272,11.300000190734863,11.100000381469728,11.199999809265137,621268
2025-07-14,11.25,11.550000190734863,11.149999618530272,11.449999809265137,1064350
2025-07-15,11.399999618530272,11.699999809265137,11.300000190734863,11.449999809265137,963550
2025-07-16,11.350000381469728,11.600000381469728,11.300000190734863,11.399999618530272,568593
2025-07-17,11.5,11.899999618530272,11.5,11.800000190734863,1328738
2025-07-18,12.0,12.0,11.800000190734863,11.899999618530272,888172
2025-07-21,12.0,12.25,11.949999809265137,12.050000190734863,1303243
2025-07-22,12.100000381469728,12.100000381469728,11.649999618530272,11.800000190734863,1360490
2025-07-23,11.850000381469728,12.350000381469728,11.850000381469728,12.199999809265137,2662977
2025-07-24,12.300000190734863,12.350000381469728,11.949999809265137,12.300000190734863,1197439
2025-07-25,12.199999809265137,12.75,12.199999809265137,12.399999618530272,1904328
2025-07-28,12.5,13.0,12.350000381469728,12.850000381469728,3257220
2025-07-29,12.899999618530272,12.899999618530272,12.5,12.5,1508460
2025-07-30,12.5,13.0,12.399999618530272,12.800000190734863,1696784
2025-07-31,12.800000190734863,12.800000190734863,12.350000381469728,12.5,1419434
2025-08-04,12.350000381469728,12.600000381469728,12.100000381469728,12.5,1644637
2025-08-05,12.5,12.600000381469728,12.350000381469728,12.350000381469728,880431
2025-08-06,12.350000381469728,12.5,12.300000190734863,12.300000190734863,825077
2025-08-07,12.350000381469728,12.399999618530272,12.199999809265137,12.300000190734863,1181067
2025-08-08,12.25,12.300000190734863,12.199999809265137,12.199999809265137,828991
2025-08-11,12.199999809265137,12.25,12.0,12.149999618530272,1041738
2025-08-12,12.199999809265137,12.550000190734863,12.199999809265137,12.5,1597112
2025-08-13,12.550000190734863,12.850000381469728,12.5,12.600000381469728,1996523
2025-08-14,12.649999618530272,12.75,12.5,12.550000190734863,1119903
2025-08-15,12.550000190734863,12.800000190734863,12.350000381469728,12.800000190734863,1281409
2025-08-18,12.800000190734863,13.100000381469728,12.75,12.949999809265137,1907246
2025-08-19,12.949999809265137,13.199999809265137,12.899999618530272,12.899999618530272,1599568
2025-08-20,12.949999809265137,13.0,12.600000381469728,12.649999618530272,1069320
2025-08-21,12.699999809265137,13.100000381469728,12.699999809265137,12.899999618530272,1697389
2025-08-22,12.850000381469728,13.0,12.800000190734863,12.850000381469728,974719
2025-08-25,12.949999809265137,13.050000190734863,12.699999809265137,12.75,775548
2025-08-26,12.699999809265137,12.75,12.449999809265137,12.600000381469728,1042324
2025-08-27,12.550000190734863,12.649999618530272,12.399999618530272,12.449999809265137,981574
2025-08-28,12.449999809265137,12.550000190734863,12.300000190734863,12.399999618530272,746389
2025-08-29,12.399999618530272,12.5,12.25,12.25,776839
2025-09-01,12.25,12.449999809265137,12.199999809265137,12.300000190734863,621144
2025-09-02,12.300000190734863,12.399999618530272,12.149999618530272,12.199999809265137,682826
2025-09-03,12.199999809265137,12.300000190734863,12.100000381469728,12.100000381469728,593631
2025-09-04,12.149999618530272,12.300000190734863,12.100000381469728,12.199999809265137,570408
2025-09-05,12.300000190734863,12.300000190734863,12.050000190734863,12.100000381469728,880357
2025-09-08,12.100000381469728,12.199999809265137,12.050000190734863,12.149999618530272,507275
2025-09-09,12.199999809265137,12.25,12.0,12.100000381469728,634997
2025-09-10,12.050000190734863,12.350000381469728,11.949999809265137,12.350000381469728,1346550
2025-09-11,12.300000190734863,12.350000381469728,11.949999809265137,12.199999809265137,1965832
2025-09-12,12.199999809265137,12.25,12.100000381469728,12.199999809265137,454338
2025-09-15,12.199999809265137,12.300000190734863,12.100000381469728,12.100000381469728,600410
2025-09-16,12.149999618530272,12.25,12.0,12.0,1105859
2025-09-17,12.100000381469728,12.25,12.0,12.050000190734863,804820
2025-09-18,12.199999809265137,12.199999809265137,12.0,12.100000381469728,636601
2025-09-19,12.149999618530272,12.350000381469728,12.050000190734863,12.300000190734863,850778
2025-09-22,12.350000381469728,12.350000381469728,12.199999809265137,12.300000190734863,643091
2025-09-23,12.300000190734863,12.399999618530272,12.149999618530272,12.300000190734863,896346
2025-09-24,12.399999618530272,12.449999809265137,12.300000190734863,12.399999618530272,1319673
2025-09-25,12.449999809265137,12.75,12.399999618530272,12.5,1316812
2025-09-26,12.550000190734863,12.550000190734863,12.149999618530272,12.199999809265137,1186684
2025-09-30,12.350000381469728,12.350000381469728,12.100000381469728,12.300000190734863,529653
2025-10-01,12.300000190734863,12.350000381469728,12.149999618530272,12.149999618530272,482324
2025-10-02,12.149999618530272,12.199999809265137,12.0,12.0,703378
2025-10-03,11.949999809265137,12.149999618530272,11.800000190734863,12.149999618530272,1401381
2025-10-07,12.149999618530272,12.300000190734863,12.100000381469728,12.100000381469728,572591
2025-10-08,12.199999809265137,12.199999809265137,12.050000190734863,12.199999809265137,350104
2025-10-09,12.199999809265137,13.050000190734863,12.149999618530272,12.800000190734863,5051860
2025-10-13,12.699999809265137,12.800000190734863,12.399999618530272,12.800000190734863,2304274
2025-10-14,12.75,12.75,12.300000190734863,12.350000381469728,2034606
2025-10-15,12.350000381469728,12.399999618530272,12.050000190734863,12.199999809265137,1919977
2025-10-16,12.199999809265137,12.300000190734863,12.100000381469728,12.199999809265137,437657
2025-10-17,12.199999809265137,12.550000190734863,12.149999618530272,12.399999618530272,1406838
2025-10-20,12.449999809265137,12.5,12.0,12.050000190734863,1749998
2025-10-21,12.100000381469728,12.199999809265137,12.050000190734863,12.149999618530272,694983
2025-10-22,12.100000381469728,12.350000381469728,12.100000381469728,12.149999618530272,677902
2025-10-23,12.149999618530272,12.399999618530272,12.050000190734863,12.350000381469728,1271833
2025-10-27,12.350000381469728,12.5,12.300000190734863,12.399999618530272,773244
2025-10-28,12.399999618530272,12.399999618530272,12.199999809265137,12.199999809265137,614382
2025-10-29,12.199999809265137,12.300000190734863,12.100000381469728,12.199999809265137,484190
2025-10-30,12.149999618530272,12.199999809265137,11.800000190734863,11.949999809265137,1824932
2025-10-31,12.0,12.0,11.75,11.949999809265137,1600237
2025-11-03,11.949999809265137,11.949999809265137,11.600000381469728,11.699999809265137,1485665
2025-11-04,11.600000381469728,11.800000190734863,11.550000190734863,11.800000190734863,852894
2025-11-05,11.649999618530272,11.75,11.449999809265137,11.75,1014893
2025-11-06,11.75,12.25,11.699999809265137,12.149999618530272,1464863
2025-11-07,12.050000190734863,12.300000190734863,12.0,12.100000381469728,1151134
2025-11-10,12.050000190734863,12.050000190734863,11.800000190734863,11.949999809265137,649879
2025-11-11,11.899999618530272,12.199999809265137,11.899999618530272,12.149999618530272,503550
2025-11-12,12.149999618530272,12.600000381469728,12.149999618530272,12.399999618530272,3002720
2025-11-13,12.449999809265137,12.949999809265137,12.449999809265137,12.75,3458810
2025-11-14,12.649999618530272,12.899999618530272,12.550000190734863,12.550000190734863,1551262
2025-11-17,12.5,12.649999618530272,12.199999809265137,12.300000190734863,1062634
2025-11-18,12.199999809265137,12.199999809265137,11.850000381469728,11.899999618530272,1294590
2025-11-19,11.949999809265137,11.949999809265137,11.699999809265137,11.75,987569
2025-11-20,11.899999618530272,12.0,11.800000190734863,11.949999809265137,478434
2025-11-21,11.899999618530272,11.949999809265137,11.75,11.75,941322
2025-11-24,11.800000190734863,11.899999618530272,11.600000381469728,11.699999809265137,910236
2025-11-25,11.75,11.850000381469728,11.600000381469728,11.699999809265137,691177
2025-11-26,11.75,11.949999809265137,11.75,11.899999618530272,492631
2025-11-27,11.800000190734863,12.050000190734863,11.800000190734863,12.050000190734863,605510
2025-11-28,12.050000190734863,12.25,12.050000190734863,12.149999618530272,730200
2025-12-01,12.199999809265137,12.550000190734863,12.199999809265137,12.449999809265137,1964405
2025-12-02,12.550000190734863,13.149999618530272,12.449999809265137,12.899999618530272,5805565
2025-12-03,13.0,13.050000190734863,12.600000381469728,12.800000190734863,2405605
2025-12-04,12.800000190734863,12.800000190734863,12.550000190734863,12.649999618530272,917371
2025-12-05,12.600000381469728,12.649999618530272,12.350000381469728,12.399999618530272,962199
2025-12-08,12.449999809265137,12.5,12.199999809265137,12.300000190734863,764875
2025-12-09,12.300000190734863,12.350000381469728,12.100000381469728,12.300000190734863,657245
2025-12-10,12.399999618530272,12.399999618530272,12.149999618530272,12.149999618530272,874429
2025-12-11,12.199999809265137,12.300000190734863,12.199999809265137,12.199999809265137,751100
2025-12-12,12.399999618530272,12.699999809265137,12.300000190734863,12.350000381469728,1185585
2025-12-15,12.25,12.550000190734863,12.25,12.350000381469728,620106
2025-12-16,12.300000190734863,12.300000190734863,12.0,12.050000190734863,1078614
2025-12-17,12.100000381469728,12.199999809265137,11.899999618530272,11.949999809265137,1475524
2025-12-18,11.949999809265137,12.050000190734863,11.899999618530272,11.949999809265137,624394
2025-12-19,12.0,12.149999618530272,12.0,12.050000190734863,437368
2025-12-22,12.100000381469728,12.199999809265137,12.050000190734863,12.100000381469728,580353
2025-12-23,12.149999618530272,12.300000190734863,12.100000381469728,12.199999809265137,787802
2025-12-24,12.199999809265137,12.300000190734863,11.949999809265137,12.0,1524738
2025-12-26,12.100000381469728,12.199999809265137,12.0,12.100000381469728,432370
2025-12-29,12.149999618530272,12.300000190734863,12.149999618530272,12.149999618530272,1183236
2025-12-30,12.100000381469728,12.350000381469728,12.0,12.300000190734863,1204977
2025-12-31,12.350000381469728,12.550000190734863,12.25,12.449999809265137,2316790
2026-01-02,12.449999809265137,12.449999809265137,12.100000381469728,12.25,1548360
2026-01-05,12.199999809265137,12.199999809265137,12.0,12.050000190734863,1494430
2026-01-06,12.050000190734863,12.25,11.949999809265137,12.149999618530272,1329537
2026-01-07,12.199999809265137,13.050000190734863,12.199999809265137,12.899999618530272,6715180
2026-01-08,12.899999618530272,13.25,12.699999809265137,12.699999809265137,2971079
2026-01-09,12.800000190734863,12.899999618530272,12.449999809265137,12.550000190734863,1588630
2026-01-12,12.550000190734863,12.75,12.399999618530272,12.649999618530272,1339608
2026-01-13,12.75,12.75,12.399999618530272,12.699999809265137,1081600
2026-01-14,12.800000190734863,13.0,12.800000190734863,12.899999618530272,2318311
2026-01-15,12.800000190734863,13.199999809265137,12.75,13.050000190734863,3192256
2026-01-16,13.100000381469728,13.149999618530272,12.699999809265137,12.75,2099322
2026-01-19,12.699999809265137,13.100000381469728,12.649999618530272,13.0,1726213
2026-01-20,12.899999618530272,13.050000190734863,12.649999618530272,12.699999809265137,1263788
2026-01-21,12.699999809265137,12.699999809265137,12.399999618530272,12.5,1752331
2026-01-22,12.600000381469728,12.649999618530272,12.300000190734863,12.350000381469728,1142699
2026-01-23,12.5,12.75,12.399999618530272,12.5,1153270
2026-01-26,12.899999618530272,13.75,12.899999618530272,13.75,7875234
2026-01-27,14.0,14.649999618530272,13.149999618530272,13.850000381469728,22451582
2026-01-28,14.050000190734863,14.199999809265137,13.5,13.949999809265137,7170905
2026-01-29,13.949999809265137,14.0,13.449999809265137,13.550000190734863,4404491
2026-01-30,13.550000190734863,13.550000190734863,13.25,13.300000190734863,2346262
2026-02-02,13.199999809265137,13.25,12.699999809265137,12.75,2790160
2026-02-03,12.899999618530272,12.899999618530272,12.550000190734863,12.699999809265137,2116112
2026-02-04,12.600000381469728,13.25,12.600000381469728,13.050000190734863,2410259
2026-02-05,13.0,13.149999618530272,12.850000381469728,12.899999618530272,1024964
2026-02-06,12.800000190734863,12.850000381469728,12.449999809265137,12.550000190734863,1604603
2026-02-09,12.699999809265137,12.800000190734863,12.550000190734863,12.699999809265137,1557030
2026-02-10,12.699999809265137,12.699999809265137,12.350000381469728,12.550000190734863,2672875
2026-02-11,12.600000381469728,12.649999618530272,12.449999809265137,12.600000381469728,1097375
2026-02-23,12.699999809265137,13.350000381469728,12.649999618530272,13.199999809265137,3994163
2026-02-24,13.300000190734863,13.75,13.300000190734863,13.550000190734863,4192947
2026-02-25,13.800000190734863,13.899999618530272,13.300000190734863,13.550000190734863,2809415
2026-02-26,13.5,13.600000381469728,13.149999618530272,13.149999618530272,2143042
2026-03-02,13.149999618530272,13.5,12.75,12.75,2581645
2026-03-03,12.800000190734863,13.300000190734863,12.600000381469728,13.149999618530272,2938569
2026-03-04,13.199999809265137,13.199999809265137,12.399999618530272,12.5,3230408
2026-03-05,12.649999618530272,12.850000381469728,12.449999809265137,12.800000190734863,1403853
2026-03-06,12.649999618530272,13.850000381469728,12.649999618530272,13.699999809265137,8576604
2026-03-09,14.300000190734863,14.800000190734863,13.25,13.449999809265137,13002536
2026-03-10,13.300000190734863,13.899999618530272,13.300000190734863,13.800000190734863,5692733
2026-03-11,13.550000190734863,13.699999809265137,13.199999809265137,13.5,3822963
2026-03-12,13.600000381469728,14.399999618530272,13.449999809265137,14.0,11036899
2026-03-13,14.199999809265137,14.399999618530272,13.699999809265137,14.100000381469728,6568941
2026-03-16,14.199999809265137,14.449999809265137,13.600000381469728,13.600000381469728,4443369
2026-03-17,13.600000381469728,13.699999809265137,13.350000381469728,13.399999618530272,2798540
2026-03-18,13.550000190734863,13.699999809265137,13.399999618530272,13.5,2425311
2026-03-19,14.100000381469728,14.850000381469728,13.75,14.850000381469728,23903515
2026-03-20,15.850000381469728,16.299999237060547,15.25,15.350000381469728,49859205
2026-03-23,15.449999809265137,16.850000381469727,15.350000381469728,15.699999809265137,34764118
2026-03-24,15.25,15.300000190734863,14.199999809265137,15.0,18334927
2026-03-25,14.699999809265137,14.699999809265137,13.949999809265137,14.300000190734863,12805478
2026-03-26,14.649999618530272,15.050000190734863,14.399999618530272,14.5,12049253
2026-03-27,15.300000190734863,15.649999618530272,14.75,14.949999809265137,20807815
2026-03-30,15.5,16.0,15.199999809265137,15.550000190734863,27507519
2026-03-31,15.5,15.600000381469728,14.399999618530272,14.5,19919513
2026-04-01,14.300000190734863,14.899999618530272,14.199999809265137,14.550000190734863,12997153
2026-04-02,14.699999809265137,14.699999809265137,14.149999618530272,14.199999809265137,8643661
2026-04-07,14.25,14.449999809265137,14.0,14.149999618530272,7016865
2026-04-08,14.350000381469728,14.350000381469728,13.5,13.649999618530272,11554653
2026-04-09,13.699999809265137,14.0,13.600000381469728,13.800000190734863,7735624
2026-04-10,13.600000381469728,13.850000381469728,13.399999618530272,13.550000190734863,14898885
2026-04-13,13.699999809265137,14.75,13.699999809265137,14.699999809265137,8908110
2026-04-14,14.399999618530272,14.75,14.25,14.550000190734863,4872263
2026-04-15,14.449999809265137,14.5,13.699999809265137,13.699999809265137,6612120
2026-04-16,13.850000381469728,13.949999809265137,13.699999809265137,13.850000381469728,2844538
2026-04-17,13.949999809265137,14.149999618530272,13.350000381469728,13.5,6764277
2026-04-20,13.699999809265137,13.850000381469728,13.449999809265137,13.5,4131186
2026-04-21,13.550000190734863,13.800000190734863,13.199999809265137,13.550000190734863,6277384
2026-04-22,13.550000190734863,14.050000190734863,13.449999809265137,13.600000381469728,6931694
2026-04-23,13.699999809265137,13.800000190734863,13.199999809265137,13.550000190734863,5663105
2026-04-24,13.600000381469728,13.699999809265137,13.350000381469728,13.350000381469728,2274390
2026-04-27,13.300000190734863,13.350000381469728,13.050000190734863,13.149999618530272,2632450
2026-04-28,13.149999618530272,13.350000381469728,13.050000190734863,13.199999809265137,2277101
2026-04-29,13.350000381469728,13.449999809265137,13.199999809265137,13.199999809265137,2133300
2026-04-30,13.300000190734863,13.399999618530272,12.899999618530272,13.0,4284094
2026-05-04,13.0,13.050000190734863,12.699999809265137,12.75,2846811
2026-05-05,12.75,12.899999618530272,12.5,12.600000381469728,2877716
2026-05-06,12.649999618530272,12.649999618530272,12.300000190734863,12.350000381469728,2765732
2026-05-07,12.350000381469728,12.449999809265137,12.050000190734863,12.350000381469728,3655286
2026-05-08,12.350000381469728,12.449999809265137,12.100000381469728,12.100000381469728,2178679
2026-05-11,12.199999809265137,12.600000381469728,12.199999809265137,12.449999809265137,2266168
2026-05-12,12.5,12.5,12.199999809265137,12.25,1572138
2026-05-13,12.300000190734863,12.399999618530272,12.0,12.0,2937454
2026-05-14,12.25,12.25,11.949999809265137,11.949999809265137,1982730
2026-05-15,12.0,12.050000190734863,11.449999809265137,11.5,4026053
2026-05-18,11.5,11.649999618530272,11.449999809265137,11.550000190734863,1858157
2026-05-19,11.600000381469728,11.949999809265137,11.550000190734863,11.800000190734863,1859122
2026-05-20,12.550000190734863,12.949999809265137,12.350000381469728,12.949999809265137,11949565
2026-05-21,12.75,13.149999618530272,12.600000381469728,13.100000381469728,9579047
2026-05-22,13.0,13.149999618530272,12.850000381469728,12.949999809265137,5588586
2026-05-25,13.0,13.199999809265137,12.5,13.149999618530272,7509786
2026-05-26,13.199999809265137,13.199999809265137,12.699999809265137,12.699999809265137,3089218
2026-05-27,12.699999809265137,13.050000190734863,12.699999809265137,12.949999809265137,3195276
2026-05-28,13.0,13.5,12.850000381469728,13.5,7208700
2026-05-29,13.449999809265137,14.550000190734863,13.399999618530272,13.800000190734863,12456797
2026-06-01,13.949999809265137,14.050000190734863,13.5,13.649999618530272,11766235
2026-06-02,13.800000190734863,14.600000381469728,13.75,14.550000190734863,13940795
2026-06-03,15.100000381469728,16.0,14.75,16.0,34677239
2026-06-04,15.899999618530272,16.600000381469727,15.300000190734863,15.399999618530272,30856329
2026-06-05,15.600000381469728,16.0,14.899999618530272,15.699999809265137,18090001
2026-06-08,15.100000381469728,15.149999618530272,14.399999618530272,14.699999809265137,9004088
2026-06-09,14.800000190734863,15.050000190734863,14.449999809265137,14.649999618530272,8926391
2026-06-10,14.449999809265137,14.550000190734863,14.199999809265137,14.25,6855010
2026-06-11,13.899999618530272,14.0,13.199999809265137,13.399999618530272,11149935
2026-06-12,13.399999618530272,13.699999809265137,13.300000190734863,13.550000190734863,5353567
2026-06-15,13.75,13.899999618530272,13.699999809265137,13.75,3618626
2026-06-16,13.850000381469728,13.949999809265137,13.5,13.5,3365954
2026-06-17,13.399999618530272,13.75,13.399999618530272,13.649999618530272,3235388
2026-06-18,13.699999809265137,14.149999618530272,13.550000190734863,13.649999618530272,5317905
2026-06-22,13.899999618530272,14.300000190734863,13.75,14.149999618530272,6444136
2026-06-23,14.100000381469728,14.100000381469728,13.350000381469728,13.5,5551369
2026-06-24,13.5,13.850000381469728,13.350000381469728,13.800000190734863,3364860
2026-06-25,13.899999618530272,14.5,13.800000190734863,13.949999809265137,6084882
2026-06-26,14.100000381469728,14.550000190734863,13.699999809265137,14.100000381469728,7862653
2026-06-29,14.149999618530272,15.300000190734863,14.050000190734863,15.25,15165290
2026-06-30,15.100000381469728,16.75,14.899999618530272,16.75,47837814
2026-07-01,18.0,18.39999961853028,17.950000762939453,18.39999961853028,14761393
2026-07-02,18.39999961853028,18.700000762939453,16.899999618530273,18.39999961853028,52715757
2026-07-03,19.25,20.0,18.299999237060547,18.850000381469727,43149020
2026-07-06,19.75,20.14999961853028,18.600000381469727,18.64999961853028,24035512
2026-07-07,18.39999961853028,18.450000762939453,17.149999618530273,17.350000381469727,18197556
2026-07-08,17.399999618530273,17.649999618530273,16.899999618530273,17.299999237060547,7607585
2026-07-09,17.100000381469727,17.25,16.25,16.399999618530273,10487345
2026-07-10,16.399999618530273,16.399999618530273,16.399999618530273,16.399999618530273,0
2026-07-13,16.5,16.899999618530273,15.850000381469728,16.100000381469727,7143385
2026-07-14,15.899999618530272,16.049999237060547,15.100000381469728,15.399999618530272,9517225
2026-07-15,15.550000190734863,16.0,15.300000190734863,15.949999809265137,7770459
2026-07-16,15.800000190734863,17.5,15.649999618530272,17.5,20455585
2026-07-17,17.200000762939453,17.549999237060547,16.049999237060547,16.399999618530273,20621660
2026-07-20,16.5,16.5,15.350000381469728,15.449999809265137,8316918
2026-07-21,15.449999809265137,16.950000762939453,15.350000381469728,16.950000762939453,13409362
2026-07-22,17.0,18.5,16.950000762939453,17.549999237060547,23351346
2026-07-23,17.600000381469727,17.899999618530273,16.600000381469727,16.799999237060547,11570285
2026-07-24,16.700000762939453,16.850000381469727,15.75,15.75,9354490
2026-07-27,15.600000381469728,15.600000381469728,14.199999809265137,14.649999618530272,12193813
2026-07-28,14.25,14.25,13.649999618530272,13.800000190734863,10821474
2026-07-29,13.949999809265137,13.949999809265137,12.699999809265137,13.149999618530272,11682291
2026-07-30,13.0,13.300000190734863,12.5,12.699999809265137,7349764
2026-07-31,13.399999618530272,13.5,12.899999618530272,12.899999618530272,6615743
2026-08-03,12.899999618530272,13.600000381469728,12.850000381469728,13.399999618530272,4855000
2026-08-04,13.199999809265137,13.699999809265137,13.050000190734863,13.5,4443774
2026-08-05,13.699999809265137,14.300000190734863,13.699999809265137,13.899999618530272,5806000
2026-08-06,13.899999618530272,14.100000381469728,13.600000381469728,13.850000381469728,3980749
2026-08-07,13.850000381469728,14.300000190734863,13.649999618530272,14.149999618530272,5744360
2026-08-10,14.050000190734863,14.600000381469728,13.949999809265137,14.5,5436323
2026-08-11,14.5,15.100000381469728,14.5,14.949999809265137,6135682
2026-08-12,15.199999809265137,15.350000381469728,15.0,15.25,4834044
2026-08-13,15.300000190734863,15.5,14.699999809265137,14.800000190734863,3384786
2026-08-14,14.850000381469728,15.399999618530272,14.699999809265137,15.050000190734863,4985714
2026-08-17,15.199999809265137,15.300000190734863,14.899999618530272,15.199999809265137,2977605
2026-08-18,15.100000381469728,15.25,14.850000381469728,15.0,2703231
2026-08-19,14.949999809265137,15.100000381469728,14.75,14.899999618530272,3432269
2026-08-20,15.050000190734863,15.399999618530272,14.899999618530272,15.199999809265137,4918552
2026-08-21,15.100000381469728,15.899999618530272,15.100000381469728,15.850000381469728,7656310
2026-08-24,15.800000190734863,15.850000381469728,15.149999618530272,15.300000190734863,4581110
2026-08-25,15.399999618530272,16.299999237060547,15.199999809265137,15.899999618530272,8919596
2026-08-26,15.850000381469728,16.049999237060547,15.550000190734863,15.800000190734863,4889601
2026-08-27,15.800000190734863,16.200000762939453,15.75,15.800000190734863,4633200
2026-08-28,15.949999809265137,15.949999809265137,15.699999809265137,15.899999618530272,2325688
2026-08-31,15.850000381469728,16.549999237060547,15.75,16.350000381469727,6127414
2026-09-01,16.200000762939453,16.75,16.100000381469727,16.100000381469727,5836778
2026-09-02,16.100000381469727,16.399999618530273,15.949999809265137,16.350000381469727,3907350
2026-09-03,16.350000381469727,16.75,16.0,16.200000762939453,7823652
2026-09-04,16.299999237060547,16.299999237060547,15.550000190734863,15.949999809265137,8674278
2026-09-07,16.0,16.049999237060547,15.550000190734863,15.649999618530272,3964461
2026-09-08,15.649999618530272,16.0,15.449999809265137,15.850000381469728,4179222
2026-09-09,15.800000190734863,16.25,15.800000190734863,16.200000762939453,4908881
2026-09-10,16.200000762939453,16.399999618530273,15.800000190734863,15.949999809265137,3472528
2026-09-11,16.0,16.299999237060547,15.899999618530272,16.0,3316443
2026-09-14,16.100000381469727,16.100000381469727,15.550000190734863,16.049999237060547,4896273
2026-09-15,15.949999809265137,16.100000381469727,15.600000381469728,15.699999809265137,3347309
2026-09-16,15.699999809265137,16.100000381469727,15.699999809265137,15.699999809265137,3045311
2026-09-17,15.850000381469728,16.899999618530273,15.699999809265137,16.649999618530273,11597452
2026-09-18,16.649999618530273,16.700000762939453,16.049999237060547,16.350000381469727,5815295
2026-09-21,16.350000381469727,17.149999618530273,16.25,17.0,7099368
2026-09-22,17.0,17.0,16.399999618530273,16.75,4890398
2026-09-23,16.950000762939453,16.950000762939453,16.200000762939453,16.700000762939453,8172615
2026-09-24,16.549999237060547,16.799999237060547,16.200000762939453,16.399999618530273,3354806
2026-09-29,16.399999618530273,16.899999618530273,16.350000381469727,16.549999237060547,3638100
2026-09-30,16.600000381469727,16.850000381469727,16.5,16.75,3990364
2026-10-01,16.700000762939453,17.299999237060547,16.600000381469727,17.0,5848600
2026-10-02,17.0,17.799999237060547,16.899999618530273,17.149999618530273,8238192
2026-10-05,17.350000381469727,17.75,17.049999237060547,17.5,8958659
2026-10-06,17.600000381469727,17.700000762939453,17.149999618530273,17.299999237060547,3857456
2026-10-07,17.350000381469727,17.899999618530273,17.350000381469727,17.600000381469727,6090367
2026-10-08,17.600000381469727,18.25,17.5,18.100000381469727,10715209
