date,open,high,low,close,volume
2020-01-02,43.599998474121094,43.70000076293945,43.5,43.650001525878906,124273
2020-01-03,43.650001525878906,43.650001525878906,42.900001525878906,43.54999923706055,175088
2020-01-06,43.45000076293945,43.45000076293945,43.0,43.150001525878906,87630
2020-01-07,43.20000076293945,43.29999923706055,42.900001525878906,43.25,130820
2020-01-08,42.95000076293945,42.95000076293945,42.70000076293945,42.75,205020
2020-01-09,42.95000076293945,43.099998474121094,42.5,42.95000076293945,164007
2020-01-10,42.95000076293945,43.20000076293945,42.95000076293945,43.20000076293945,64297
2020-01-13,42.95000076293945,43.29999923706055,42.75,43.0,156380
2020-01-14,43.04999923706055,43.45000076293945,43.04999923706055,43.29999923706055,42640
2020-01-15,43.20000076293945,43.20000076293945,42.70000076293945,43.0,160391
2020-01-16,43.0,43.25,42.75,43.25,81906
2020-01-17,43.29999923706055,43.400001525878906,43.25,43.400001525878906,78544
2020-01-20,43.45000076293945,43.79999923706055,43.45000076293945,43.650001525878906,98631
2020-01-30,42.0,42.0,40.349998474121094,40.599998474121094,514116
2020-01-31,41.0,41.75,40.70000076293945,41.25,152752
2020-02-03,40.0,40.599998474121094,40.0,40.5,159421
2020-02-04,40.5,41.29999923706055,40.5,40.900001525878906,77336
2020-02-05,40.900001525878906,40.900001525878906,40.5,40.79999923706055,126001
2020-02-06,40.95000076293945,41.29999923706055,40.95000076293945,41.0,119687
2020-02-07,41.0,41.0,40.54999923706055,40.599998474121094,136057
2020-02-10,40.0,41.95000076293945,39.849998474121094,41.5,871315
2020-02-11,41.54999923706055,41.900001525878906,41.04999923706055,41.150001525878906,361149
2020-02-12,41.150001525878906,41.5,41.099998474121094,41.400001525878906,125258
2020-02-13,41.5,41.849998474121094,41.5,41.54999923706055,146714
2020-02-14,41.599998474121094,41.650001525878906,41.45000076293945,41.54999923706055,106040
2020-02-17,41.45000076293945,41.5,41.20000076293945,41.29999923706055,81068
2020-02-18,41.25,41.54999923706055,41.25,41.349998474121094,102316
2020-02-19,41.349998474121094,41.599998474121094,41.349998474121094,41.54999923706055,52223
2020-02-20,41.54999923706055,41.849998474121094,41.400001525878906,41.54999923706055,48455
2020-02-21,41.599998474121094,41.75,41.5,41.70000076293945,92657
2020-02-24,41.5,41.650001525878906,41.349998474121094,41.650001525878906,141151
2020-02-25,41.45000076293945,41.599998474121094,41.25,41.599998474121094,83624
2020-02-26,41.099998474121094,41.5,41.099998474121094,41.45000076293945,101154
2020-02-27,41.45000076293945,41.45000076293945,40.849998474121094,41.29999923706055,128315
2020-03-02,40.900001525878906,41.0,40.599998474121094,40.70000076293945,240162
2020-03-03,40.95000076293945,41.0,40.79999923706055,40.79999923706055,67505
2020-03-04,40.79999923706055,40.849998474121094,40.5,40.70000076293945,147925
2020-03-05,40.900001525878906,41.20000076293945,40.900001525878906,41.04999923706055,69443
2020-03-06,41.04999923706055,41.04999923706055,40.75,40.79999923706055,46606
2020-03-09,40.5,40.54999923706055,39.599998474121094,39.599998474121094,498365
2020-03-10,39.599998474121094,39.95000076293945,39.099998474121094,39.95000076293945,144448
2020-03-11,39.95000076293945,40.099998474121094,39.599998474121094,39.650001525878906,138433
2020-03-12,39.150001525878906,39.150001525878906,38.20000076293945,38.650001525878906,354903
2020-03-13,37.5,37.95000076293945,36.25,37.650001525878906,358281
2020-03-16,37.650001525878906,37.650001525878906,36.75,36.75,190095
2020-03-17,36.04999923706055,36.400001525878906,35.70000076293945,35.95000076293945,262156
2020-03-18,36.79999923706055,36.79999923706055,35.20000076293945,35.20000076293945,328262
2020-03-19,35.25,35.29999923706055,33.70000076293945,33.79999923706055,352356
2020-03-20,34.099998474121094,36.0,34.099998474121094,35.79999923706055,152713
2020-03-23,35.099998474121094,36.5,34.70000076293945,36.349998474121094,262242
2020-03-24,36.75,37.0,36.25,36.29999923706055,243656
2020-03-25,37.0,37.29999923706055,36.79999923706055,37.0,180694
2020-03-26,37.099998474121094,37.099998474121094,36.5,37.0,189132
2020-03-27,37.29999923706055,37.5,36.95000076293945,37.04999923706055,195873
2020-03-30,36.95000076293945,37.0,36.5,37.0,86953
2020-03-31,37.0,37.25,36.95000076293945,37.04999923706055,170526
2020-04-01,37.0,37.29999923706055,36.79999923706055,37.20000076293945,152073
2020-04-06,37.150001525878906,37.25,36.79999923706055,37.20000076293945,208629
2020-04-07,37.20000076293945,38.099998474121094,37.20000076293945,38.0,192534
2020-04-08,37.900001525878906,39.150001525878906,37.900001525878906,38.95000076293945,180364
2020-04-09,39.0,39.349998474121094,38.79999923706055,39.04999923706055,161349
2020-04-10,38.70000076293945,39.20000076293945,38.70000076293945,38.900001525878906,185206
2020-04-13,38.900001525878906,39.099998474121094,38.79999923706055,39.0,98406
2020-04-14,39.0,39.54999923706055,39.0,39.54999923706055,118202
2020-04-15,39.5,39.79999923706055,39.5,39.5,222001
2020-04-16,39.45000076293945,39.45000076293945,38.95000076293945,39.099998474121094,265107
2020-04-17,39.349998474121094,39.400001525878906,39.04999923706055,39.150001525878906,382957
2020-04-20,39.150001525878906,39.45000076293945,39.150001525878906,39.400001525878906,82184
2020-04-21,39.400001525878906,39.400001525878906,38.95000076293945,39.099998474121094,189851
2020-04-22,38.95000076293945,39.70000076293945,38.95000076293945,39.650001525878906,261680
2020-04-23,39.849998474121094,40.0,39.5,39.75,258845
2020-04-24,39.650001525878906,39.75,39.400001525878906,39.70000076293945,182936
2020-04-27,39.75,39.79999923706055,39.400001525878906,39.650001525878906,263062
2020-04-28,39.650001525878906,39.849998474121094,39.650001525878906,39.79999923706055,125400
2020-04-29,39.849998474121094,40.599998474121094,39.849998474121094,40.29999923706055,209472
2020-04-30,40.349998474121094,40.70000076293945,40.349998474121094,40.650001525878906,210439
2020-05-04,40.400001525878906,40.54999923706055,40.150001525878906,40.54999923706055,123702
2020-05-05,40.54999923706055,40.599998474121094,40.45000076293945,40.599998474121094,132201
2020-05-06,40.599998474121094,40.849998474121094,40.45000076293945,40.650001525878906,202155
2020-05-07,40.70000076293945,40.70000076293945,40.5,40.599998474121094,204275
2020-05-08,40.5,40.650001525878906,40.29999923706055,40.400001525878906,348300
2020-05-11,40.5,40.75,40.400001525878906,40.599998474121094,225697
2020-05-12,40.599998474121094,40.70000076293945,40.25,40.349998474121094,147305
2020-05-13,40.150001525878906,40.400001525878906,39.95000076293945,40.349998474121094,168005
2020-05-14,40.150001525878906,40.25,40.0,40.0,294067
2020-05-15,40.45000076293945,40.45000076293945,39.95000076293945,39.95000076293945,177001
2020-05-18,39.95000076293945,40.349998474121094,39.900001525878906,40.349998474121094,92148
2020-05-19,40.400001525878906,40.5,40.25,40.400001525878906,108250
2020-05-20,40.400001525878906,40.45000076293945,40.150001525878906,40.45000076293945,73922
2020-05-21,40.599998474121094,40.70000076293945,40.45000076293945,40.599998474121094,82579
2020-05-22,40.599998474121094,40.599998474121094,40.20000076293945,40.25,175600
2020-05-25,40.70000076293945,40.75,40.20000076293945,40.70000076293945,121530
2020-05-26,40.75,40.900001525878906,40.70000076293945,40.900001525878906,124509
2020-05-27,40.95000076293945,41.099998474121094,40.75,41.04999923706055,205302
2020-05-28,41.20000076293945,41.29999923706055,40.79999923706055,40.79999923706055,154286
2020-05-29,40.79999923706055,41.150001525878906,40.70000076293945,41.099998474121094,100727
2020-06-01,41.29999923706055,41.400001525878906,41.20000076293945,41.349998474121094,137883
2020-06-02,41.349998474121094,41.45000076293945,41.20000076293945,41.20000076293945,105529
2020-06-03,41.20000076293945,41.75,41.20000076293945,41.349998474121094,295125
2020-06-04,41.45000076293945,41.70000076293945,41.349998474121094,41.45000076293945,131813
2020-06-05,41.599998474121094,41.599998474121094,41.400001525878906,41.5,239241
2020-06-08,41.5,41.70000076293945,41.400001525878906,41.5,245280
2020-06-09,41.599998474121094,41.650001525878906,41.25,41.5,232251
2020-06-10,41.5,41.54999923706055,41.349998474121094,41.400001525878906,202229
2020-06-11,41.20000076293945,41.20000076293945,40.599998474121094,40.599998474121094,416602
2020-06-12,40.0,40.45000076293945,39.95000076293945,40.20000076293945,259632
2020-06-15,40.29999923706055,40.650001525878906,40.20000076293945,40.349998474121094,131167
2020-06-16,40.599998474121094,40.75,40.5,40.650001525878906,104201
2020-06-17,40.79999923706055,41.099998474121094,40.79999923706055,41.04999923706055,109267
2020-06-18,41.20000076293945,41.29999923706055,41.099998474121094,41.25,119194
2020-06-19,41.25,41.25,41.04999923706055,41.150001525878906,99658
2020-06-22,41.099998474121094,41.29999923706055,41.099998474121094,41.25,115100
2020-06-23,41.29999923706055,41.29999923706055,41.04999923706055,41.150001525878906,114493
2020-06-24,41.150001525878906,41.25,41.04999923706055,41.20000076293945,200801
2020-06-29,40.599998474121094,41.04999923706055,40.599998474121094,41.04999923706055,314601
2020-06-30,41.0,41.349998474121094,40.900001525878906,41.29999923706055,170467
2020-07-01,41.349998474121094,41.5,41.150001525878906,41.5,219885
2020-07-02,41.650001525878906,41.849998474121094,41.400001525878906,41.849998474121094,255549
2020-07-03,41.900001525878906,42.0,41.849998474121094,41.900001525878906,308121
2020-07-06,41.95000076293945,42.349998474121094,41.900001525878906,42.150001525878906,801294
2020-07-07,39.25,39.599998474121094,39.25,39.400001525878906,548303
2020-07-08,39.349998474121094,39.5,39.04999923706055,39.20000076293945,247676
2020-07-09,39.25,39.29999923706055,38.95000076293945,39.150001525878906,198703
2020-07-10,39.150001525878906,39.150001525878906,38.099998474121094,38.099998474121094,354085
2020-07-13,38.0,38.400001525878906,38.0,38.349998474121094,146357
2020-07-14,38.349998474121094,38.349998474121094,38.0,38.099998474121094,224432
2020-07-15,38.099998474121094,38.5,38.099998474121094,38.20000076293945,132826
2020-07-16,38.20000076293945,38.75,38.20000076293945,38.70000076293945,115341
2020-07-17,38.650001525878906,38.650001525878906,38.150001525878906,38.150001525878906,76400
2020-07-20,38.150001525878906,39.400001525878906,38.150001525878906,39.04999923706055,380654
2020-07-21,39.54999923706055,40.29999923706055,39.54999923706055,40.0,522231
2020-07-22,40.20000076293945,40.29999923706055,39.79999923706055,39.849998474121094,150481
2020-07-23,39.849998474121094,40.099998474121094,39.849998474121094,40.0,154660
2020-07-24,40.0,40.150001525878906,39.150001525878906,39.349998474121094,266800
2020-07-27,39.29999923706055,39.54999923706055,39.0,39.099998474121094,143199
2020-07-28,39.20000076293945,39.25,38.70000076293945,38.95000076293945,136001
2020-07-29,38.900001525878906,39.45000076293945,38.900001525878906,39.45000076293945,115298
2020-07-30,39.599998474121094,39.849998474121094,39.599998474121094,39.79999923706055,196380
2020-07-31,39.900001525878906,40.0,39.75,39.849998474121094,68140
2020-08-03,39.849998474121094,39.95000076293945,39.5,39.79999923706055,118384
2020-08-04,39.900001525878906,39.95000076293945,39.70000076293945,39.70000076293945,64050
2020-08-05,39.75,39.900001525878906,39.70000076293945,39.79999923706055,51250
2020-08-06,39.900001525878906,39.900001525878906,39.70000076293945,39.79999923706055,169438
2020-08-07,39.79999923706055,40.400001525878906,39.79999923706055,40.29999923706055,189701
2020-08-10,40.29999923706055,40.400001525878906,39.95000076293945,40.20000076293945,123384
2020-08-11,40.20000076293945,40.45000076293945,40.099998474121094,40.20000076293945,163388
2020-08-12,40.25,40.29999923706055,40.099998474121094,40.20000076293945,84465
2020-08-13,40.349998474121094,40.349998474121094,40.04999923706055,40.150001525878906,119000
2020-08-14,40.099998474121094,40.25,40.099998474121094,40.20000076293945,64343
2020-08-17,40.54999923706055,40.599998474121094,40.29999923706055,40.5,110134
2020-08-18,40.5,40.599998474121094,40.20000076293945,40.599998474121094,107560
2020-08-19,40.599998474121094,40.70000076293945,40.400001525878906,40.650001525878906,127460
2020-08-20,40.650001525878906,40.75,39.54999923706055,39.650001525878906,322160
2020-08-21,39.79999923706055,40.150001525878906,39.79999923706055,40.150001525878906,48878
2020-08-24,40.099998474121094,40.45000076293945,39.95000076293945,40.0,62002
2020-08-25,40.099998474121094,40.25,40.099998474121094,40.150001525878906,40378
2020-08-26,40.150001525878906,40.25,40.099998474121094,40.150001525878906,73400
2020-08-27,40.099998474121094,40.20000076293945,40.099998474121094,40.099998474121094,53086
2020-08-28,40.099998474121094,40.45000076293945,40.099998474121094,40.29999923706055,32499
2020-08-31,40.5,40.54999923706055,40.29999923706055,40.54999923706055,174820
2020-09-01,40.54999923706055,40.54999923706055,40.29999923706055,40.45000076293945,68048
2020-09-02,40.650001525878906,40.650001525878906,40.45000076293945,40.54999923706055,62551
2020-09-03,40.599998474121094,40.70000076293945,40.5,40.599998474121094,134354
2020-09-04,40.099998474121094,40.5,40.04999923706055,40.349998474121094,116482
2020-09-07,40.599998474121094,40.599998474121094,40.349998474121094,40.400001525878906,67032
2020-09-08,40.29999923706055,40.400001525878906,40.29999923706055,40.400001525878906,51592
2020-09-09,40.099998474121094,40.45000076293945,40.0,40.45000076293945,72301
2020-09-10,40.5,40.5,40.400001525878906,40.45000076293945,42969
2020-09-11,40.349998474121094,40.54999923706055,40.349998474121094,40.45000076293945,84364
2020-09-14,40.5,40.650001525878906,40.45000076293945,40.650001525878906,113532
2020-09-15,40.70000076293945,41.150001525878906,40.70000076293945,41.099998474121094,176950
2020-09-16,41.20000076293945,41.29999923706055,41.04999923706055,41.150001525878906,119459
2020-09-17,41.099998474121094,41.29999923706055,41.04999923706055,41.29999923706055,154051
2020-09-18,41.5,41.599998474121094,41.349998474121094,41.5,182681
2020-09-21,41.900001525878906,42.400001525878906,41.79999923706055,42.099998474121094,581180
2020-09-22,42.099998474121094,42.45000076293945,41.79999923706055,42.04999923706055,298520
2020-09-23,42.400001525878906,42.45000076293945,41.849998474121094,41.849998474121094,153518
2020-09-24,41.70000076293945,41.70000076293945,40.849998474121094,40.900001525878906,406639
2020-09-25,41.400001525878906,41.400001525878906,40.599998474121094,40.79999923706055,136699
2020-09-28,41.29999923706055,41.75,41.150001525878906,41.75,224262
2020-09-29,42.04999923706055,42.45000076293945,42.04999923706055,42.25,228671
2020-09-30,42.25,42.349998474121094,42.04999923706055,42.099998474121094,90600
2020-10-05,42.04999923706055,42.150001525878906,42.04999923706055,42.150001525878906,36104
2020-10-06,42.349998474121094,42.54999923706055,42.349998474121094,42.54999923706055,233244
2020-10-07,42.5,43.0,42.5,42.95000076293945,409659
2020-10-08,43.29999923706055,43.29999923706055,42.900001525878906,43.0,207456
2020-10-12,42.900001525878906,43.0,42.650001525878906,42.900001525878906,123496
2020-10-13,42.95000076293945,42.95000076293945,42.650001525878906,42.79999923706055,101323
2020-10-14,42.849998474121094,43.599998474121094,42.849998474121094,43.25,247301
2020-10-15,43.349998474121094,43.5,43.25,43.349998474121094,82031
2020-10-16,43.25,43.349998474121094,43.04999923706055,43.099998474121094,148692
2020-10-19,43.20000076293945,43.29999923706055,43.150001525878906,43.20000076293945,124913
2020-10-20,43.20000076293945,44.20000076293945,43.099998474121094,43.79999923706055,596801
2020-10-21,43.900001525878906,44.29999923706055,43.79999923706055,43.900001525878906,310875
2020-10-22,44.04999923706055,44.75,44.04999923706055,44.20000076293945,311646
2020-10-23,44.54999923706055,45.0,44.54999923706055,44.95000076293945,451257
2020-10-26,45.099998474121094,45.25,44.29999923706055,44.5,303450
2020-10-27,44.54999923706055,44.95000076293945,44.5,44.79999923706055,193000
2020-10-28,45.0,45.0,44.599998474121094,44.70000076293945,212735
2020-10-29,44.54999923706055,44.79999923706055,44.0,44.79999923706055,177202
2020-10-30,45.0,45.0,44.349998474121094,44.54999923706055,306760
2020-11-02,44.54999923706055,44.70000076293945,43.650001525878906,43.75,373000
2020-11-03,44.0,44.150001525878906,43.70000076293945,44.099998474121094,205024
2020-11-04,44.099998474121094,44.29999923706055,43.900001525878906,44.29999923706055,152240
2020-11-05,44.45000076293945,44.599998474121094,44.20000076293945,44.29999923706055,102721
2020-11-06,44.5,44.79999923706055,44.5,44.650001525878906,159365
2020-11-09,44.75,44.95000076293945,44.54999923706055,44.849998474121094,157843
2020-11-10,45.0,45.0,44.45000076293945,44.45000076293945,190320
2020-11-11,44.45000076293945,44.650001525878906,44.150001525878906,44.650001525878906,352125
2020-11-12,44.650001525878906,44.75,44.45000076293945,44.45000076293945,106964
2020-11-13,44.45000076293945,44.5,44.25,44.5,110210
2020-11-16,44.54999923706055,45.150001525878906,44.54999923706055,45.0,246185
2020-11-17,45.349998474121094,46.20000076293945,45.150001525878906,46.099998474121094,587943
2020-11-18,46.20000076293945,46.5,45.849998474121094,46.45000076293945,349975
2020-11-19,46.79999923706055,48.79999923706055,46.79999923706055,47.29999923706055,997119
2020-11-20,47.349998474121094,47.349998474121094,46.400001525878906,46.75,481213
2020-11-23,46.5,46.95000076293945,46.45000076293945,46.70000076293945,241631
2020-11-24,46.70000076293945,46.849998474121094,46.599998474121094,46.650001525878906,82030
2020-11-25,46.75,46.95000076293945,46.75,46.79999923706055,141181
2020-11-26,46.79999923706055,46.900001525878906,46.650001525878906,46.75,107255
2020-11-27,46.75,47.54999923706055,46.650001525878906,46.75,176870
2020-11-30,46.75,47.04999923706055,45.099998474121094,46.150001525878906,212564
2020-12-01,46.150001525878906,46.349998474121094,45.5,45.79999923706055,404551
2020-12-02,45.900001525878906,46.0,45.70000076293945,46.0,154090
2020-12-03,46.0,46.099998474121094,45.70000076293945,45.900001525878906,86001
2020-12-04,45.900001525878906,46.0,45.599998474121094,45.70000076293945,160102
2020-12-07,45.75,46.0,45.599998474121094,45.70000076293945,191370
2020-12-08,45.70000076293945,46.0,45.70000076293945,46.0,65800
2020-12-09,46.0,46.20000076293945,45.79999923706055,46.20000076293945,183100
2020-12-10,46.20000076293945,46.20000076293945,45.599998474121094,45.650001525878906,141846
2020-12-11,45.599998474121094,45.75,44.75,45.0,296359
2020-12-14,45.79999923706055,45.79999923706055,45.25,45.599998474121094,156732
2020-12-15,45.54999923706055,45.599998474121094,45.04999923706055,45.29999923706055,146245
2020-12-16,45.599998474121094,45.650001525878906,45.25,45.650001525878906,84021
2020-12-17,45.95000076293945,45.95000076293945,45.349998474121094,45.5,82629
2020-12-18,45.400001525878906,46.099998474121094,45.349998474121094,45.599998474121094,270180
2020-12-21,45.79999923706055,46.0,45.54999923706055,45.79999923706055,123412
2020-12-22,45.79999923706055,46.0,45.45000076293945,45.45000076293945,141400
2020-12-23,45.400001525878906,45.75,45.150001525878906,45.5,94275
2020-12-24,45.75,46.0,45.54999923706055,45.849998474121094,77250
2020-12-25,46.0,46.20000076293945,45.849998474121094,46.150001525878906,91584
2020-12-28,46.25,46.25,46.150001525878906,46.20000076293945,93141
2020-12-29,46.20000076293945,46.29999923706055,45.79999923706055,46.0,76040
2020-12-30,46.0,46.04999923706055,45.849998474121094,46.04999923706055,84102
2020-12-31,46.04999923706055,46.20000076293945,45.900001525878906,45.95000076293945,94003
2021-01-04,46.0,46.29999923706055,45.95000076293945,46.25,136500
2021-01-05,46.25,46.5,46.0,46.5,164752
2021-01-06,46.599998474121094,46.75,46.099998474121094,46.150001525878906,182028
2021-01-07,46.150001525878906,46.54999923706055,46.150001525878906,46.400001525878906,159179
2021-01-08,46.400001525878906,46.650001525878906,46.099998474121094,46.349998474121094,124708
2021-01-11,46.099998474121094,46.54999923706055,46.099998474121094,46.54999923706055,161895
2021-01-12,46.54999923706055,46.54999923706055,46.0,46.0,166556
2021-01-13,46.0,46.29999923706055,46.0,46.29999923706055,90938
2021-01-14,46.45000076293945,46.45000076293945,46.150001525878906,46.25,77195
2021-01-15,46.29999923706055,46.29999923706055,45.599998474121094,45.70000076293945,195904
2021-01-18,45.349998474121094,45.650001525878906,45.0,45.650001525878906,102108
2021-01-19,45.650001525878906,45.70000076293945,45.400001525878906,45.599998474121094,66142
2021-01-20,45.599998474121094,45.599998474121094,44.79999923706055,44.900001525878906,305786
2021-01-21,45.04999923706055,45.45000076293945,44.95000076293945,45.150001525878906,105167
2021-01-22,45.150001525878906,45.25,45.0,45.25,34724
2021-01-25,45.25,45.849998474121094,45.04999923706055,45.70000076293945,76202
2021-01-26,45.599998474121094,45.75,45.29999923706055,45.349998474121094,74250
2021-01-27,45.349998474121094,45.5,45.349998474121094,45.400001525878906,77112
2021-01-28,45.400001525878906,45.400001525878906,45.0,45.150001525878906,66433
2021-01-29,45.150001525878906,45.150001525878906,45.0,45.04999923706055,84824
2021-02-01,45.0,45.099998474121094,44.54999923706055,44.900001525878906,129436
2021-02-02,45.29999923706055,45.599998474121094,45.25,45.45000076293945,111397
2021-02-03,45.400001525878906,45.79999923706055,45.349998474121094,45.75,141677
2021-02-04,45.849998474121094,46.25,45.75,45.849998474121094,266371
2021-02-05,46.20000076293945,46.650001525878906,46.20000076293945,46.400001525878906,241825
2021-02-17,46.599998474121094,46.900001525878906,46.5,46.849998474121094,160905
2021-02-18,46.849998474121094,47.150001525878906,46.79999923706055,47.0,116563
2021-02-19,46.900001525878906,46.900001525878906,46.54999923706055,46.900001525878906,113190
2021-02-22,46.900001525878906,47.29999923706055,46.849998474121094,47.099998474121094,197996
2021-02-23,46.900001525878906,47.20000076293945,46.849998474121094,47.20000076293945,120706
2021-02-24,47.0,47.150001525878906,46.900001525878906,47.0,154456
2021-02-25,47.20000076293945,47.20000076293945,46.95000076293945,47.099998474121094,71168
2021-02-26,47.0,47.0,46.25,46.650001525878906,363500
2021-03-02,47.150001525878906,48.900001525878906,47.0,47.54999923706055,628133
2021-03-03,49.29999923706055,49.349998474121094,48.099998474121094,48.45000076293945,669631
2021-03-04,48.5,49.099998474121094,48.45000076293945,48.849998474121094,369865
2021-03-05,48.099998474121094,49.349998474121094,48.099998474121094,48.849998474121094,167191
2021-03-08,49.150001525878906,49.45000076293945,49.0,49.400001525878906,331977
2021-03-09,49.45000076293945,50.5,49.45000076293945,50.5,470632
2021-03-10,50.900001525878906,51.099998474121094,50.599998474121094,50.900001525878906,269613
2021-03-11,51.0,51.5,50.900001525878906,51.5,218151
2021-03-12,51.599998474121094,52.400001525878906,51.5,52.20000076293945,212899
2021-03-15,52.5,54.099998474121094,52.5,54.0,333892
2021-03-16,54.5,54.599998474121094,52.0,52.400001525878906,579487
2021-03-17,52.29999923706055,52.400001525878906,51.29999923706055,51.79999923706055,414588
2021-03-18,52.0,52.400001525878906,51.400001525878906,52.099998474121094,123510
2021-03-19,52.099998474121094,53.5,51.70000076293945,53.400001525878906,337936
2021-03-22,53.599998474121094,53.70000076293945,52.70000076293945,53.099998474121094,254650
2021-03-23,53.29999923706055,53.400001525878906,52.099998474121094,52.29999923706055,301761
2021-03-24,52.29999923706055,52.400001525878906,51.900001525878906,52.29999923706055,132410
2021-03-25,52.0,52.20000076293945,51.79999923706055,52.0,141212
2021-03-26,52.099998474121094,52.29999923706055,51.900001525878906,52.20000076293945,140260
2021-03-29,52.29999923706055,52.599998474121094,52.20000076293945,52.5,113071
2021-03-30,52.599998474121094,54.20000076293945,52.599998474121094,53.900001525878906,663652
2021-03-31,54.29999923706055,54.599998474121094,53.70000076293945,54.0,368976
2021-04-01,53.599998474121094,54.20000076293945,53.20000076293945,54.20000076293945,392396
2021-04-07,54.29999923706055,55.900001525878906,54.099998474121094,55.400001525878906,396730
2021-04-08,55.5,57.099998474121094,55.5,57.099998474121094,414034
2021-04-09,58.400001525878906,59.20000076293945,57.099998474121094,58.900001525878906,762071
2021-04-12,59.5,59.70000076293945,57.599998474121094,58.29999923706055,416901
2021-04-13,58.20000076293945,58.400001525878906,57.20000076293945,57.599998474121094,599914
2021-04-14,57.79999923706055,58.29999923706055,56.900001525878906,57.599998474121094,351200
2021-04-15,57.599998474121094,58.29999923706055,57.5,57.900001525878906,150684
2021-04-16,58.20000076293945,58.5,57.79999923706055,58.0,121409
2021-04-19,58.0,58.0,57.29999923706055,57.70000076293945,175253
2021-04-20,57.70000076293945,57.70000076293945,57.20000076293945,57.5,159516
2021-04-21,57.5,57.5,57.099998474121094,57.099998474121094,150108
2021-04-22,57.29999923706055,57.400001525878906,56.0,56.0,316471
2021-04-23,55.400001525878906,57.29999923706055,55.400001525878906,56.099998474121094,278168
2021-04-26,56.29999923706055,56.599998474121094,56.20000076293945,56.5,100001
2021-04-27,56.599998474121094,56.599998474121094,55.599998474121094,56.0,146529
2021-04-28,56.29999923706055,56.29999923706055,55.70000076293945,55.900001525878906,116976
2021-04-29,55.79999923706055,55.79999923706055,55.099998474121094,55.099998474121094,351545
2021-05-03,55.0,55.20000076293945,54.099998474121094,54.099998474121094,271543
2021-05-04,54.5,55.599998474121094,52.29999923706055,53.099998474121094,444094
2021-05-05,52.79999923706055,54.20000076293945,52.70000076293945,53.900001525878906,119100
2021-05-06,53.900001525878906,54.599998474121094,53.900001525878906,54.0,119037
2021-05-07,54.5,54.79999923706055,54.20000076293945,54.70000076293945,202007
2021-05-10,54.70000076293945,55.20000076293945,54.70000076293945,55.20000076293945,85118
2021-05-11,55.20000076293945,55.20000076293945,53.29999923706055,53.599998474121094,178626
2021-05-12,53.29999923706055,54.20000076293945,51.79999923706055,53.0,567484
2021-05-13,52.70000076293945,53.900001525878906,52.0,52.79999923706055,227200
2021-05-14,53.599998474121094,53.70000076293945,52.599998474121094,52.70000076293945,137001
2021-05-17,50.70000076293945,52.29999923706055,50.5,51.0,367093
2021-05-18,50.5,52.79999923706055,50.5,52.599998474121094,164400
2021-05-19,52.099998474121094,53.0,52.099998474121094,52.70000076293945,88083
2021-05-20,52.599998474121094,53.599998474121094,52.5,52.70000076293945,148030
2021-05-21,53.29999923706055,53.599998474121094,53.0,53.0,57041
2021-05-24,52.79999923706055,53.20000076293945,52.70000076293945,53.0,47030
2021-05-25,53.599998474121094,53.70000076293945,53.20000076293945,53.5,139736
2021-05-26,53.5,53.5,53.0,53.400001525878906,71184
2021-05-27,53.400001525878906,53.5,52.900001525878906,53.400001525878906,53230
2021-05-28,53.599998474121094,53.79999923706055,53.5,53.5,68057
2021-05-31,53.599998474121094,53.900001525878906,53.5,53.70000076293945,84361
2021-06-01,53.70000076293945,54.0,53.70000076293945,53.900001525878906,69126
2021-06-02,53.900001525878906,53.900001525878906,53.5,53.900001525878906,63030
2021-06-03,53.79999923706055,54.0,53.79999923706055,53.900001525878906,40824
2021-06-04,53.900001525878906,53.900001525878906,53.79999923706055,53.900001525878906,23030
2021-06-07,53.70000076293945,53.70000076293945,52.79999923706055,53.29999923706055,124014
2021-06-08,53.70000076293945,54.099998474121094,53.70000076293945,54.099998474121094,106800
2021-06-09,54.29999923706055,54.5,54.0,54.099998474121094,92000
2021-06-10,54.099998474121094,54.20000076293945,53.900001525878906,54.099998474121094,50280
2021-06-11,54.20000076293945,54.20000076293945,54.0,54.099998474121094,44100
2021-06-15,54.099998474121094,54.70000076293945,53.599998474121094,54.20000076293945,230352
2021-06-16,54.29999923706055,54.400001525878906,53.79999923706055,54.400001525878906,55421
2021-06-17,54.0,54.5,54.0,54.20000076293945,85101
2021-06-18,54.70000076293945,56.20000076293945,54.599998474121094,56.0,379800
2021-06-21,56.0,56.599998474121094,55.70000076293945,56.5,215060
2021-06-22,56.900001525878906,56.900001525878906,55.599998474121094,55.900001525878906,114699
2021-06-23,56.0,56.29999923706055,55.79999923706055,56.29999923706055,86074
2021-06-24,56.5,57.20000076293945,56.29999923706055,56.70000076293945,190030
2021-06-25,56.79999923706055,56.900001525878906,56.5,56.70000076293945,82187
2021-06-28,56.70000076293945,56.70000076293945,56.0,56.20000076293945,145661
2021-06-29,56.20000076293945,56.20000076293945,55.400001525878906,55.70000076293945,177472
2021-06-30,55.70000076293945,56.0,55.20000076293945,55.599998474121094,99052
2021-07-01,56.0,56.099998474121094,55.599998474121094,55.599998474121094,103419
2021-07-02,56.0,56.0,55.400001525878906,55.599998474121094,141000
2021-07-05,56.0,56.599998474121094,55.70000076293945,56.599998474121094,333030
2021-07-06,57.20000076293945,57.5,56.70000076293945,57.5,638981
2021-07-07,53.70000076293945,54.099998474121094,53.5,53.79999923706055,291044
2021-07-08,53.900001525878906,54.0,53.5,53.79999923706055,117176
2021-07-09,53.5,54.29999923706055,53.5,54.0,145590
2021-07-12,54.5,54.79999923706055,54.20000076293945,54.79999923706055,146500
2021-07-13,54.900001525878906,55.70000076293945,54.70000076293945,54.70000076293945,143790
2021-07-14,54.79999923706055,54.900001525878906,53.900001525878906,54.400001525878906,140051
2021-07-15,54.400001525878906,54.70000076293945,54.099998474121094,54.29999923706055,116469
2021-07-16,54.20000076293945,54.29999923706055,54.0,54.099998474121094,109072
2021-07-19,54.0,54.20000076293945,53.900001525878906,54.20000076293945,291612
2021-07-20,54.5,54.599998474121094,54.099998474121094,54.29999923706055,183050
2021-07-21,54.5,56.20000076293945,54.5,56.0,490415
2021-07-22,56.70000076293945,56.79999923706055,55.599998474121094,55.599998474121094,297133
2021-07-23,55.599998474121094,55.900001525878906,55.599998474121094,55.599998474121094,60185
2021-07-26,55.70000076293945,56.0,55.70000076293945,56.0,74018
2021-07-27,56.29999923706055,56.29999923706055,55.20000076293945,55.20000076293945,99215
2021-07-28,55.099998474121094,55.099998474121094,54.0,54.29999923706055,195000
2021-07-29,54.5,54.900001525878906,54.5,54.79999923706055,39230
2021-07-30,54.900001525878906,55.400001525878906,54.599998474121094,54.599998474121094,89020
2021-08-02,55.0,55.5,54.79999923706055,55.5,92048
2021-08-03,55.599998474121094,55.900001525878906,55.400001525878906,55.5,65044
2021-08-04,55.599998474121094,55.79999923706055,55.099998474121094,55.400001525878906,79030
2021-08-05,55.400001525878906,55.400001525878906,54.900001525878906,55.0,71531
2021-08-06,55.400001525878906,55.400001525878906,55.0,55.20000076293945,50946
2021-08-09,55.599998474121094,55.599998474121094,54.900001525878906,54.900001525878906,89000
2021-08-10,55.0,55.0,54.5,54.5,82424
2021-08-11,54.5,54.900001525878906,53.70000076293945,54.0,204200
2021-08-12,54.900001525878906,54.900001525878906,54.0,54.20000076293945,70200
2021-08-13,54.099998474121094,54.900001525878906,54.0,54.099998474121094,83000
2021-08-16,54.599998474121094,54.79999923706055,52.79999923706055,52.900001525878906,247567
2021-08-17,52.900001525878906,52.900001525878906,52.900001525878906,52.900001525878906,0
2021-08-18,52.5,53.20000076293945,51.900001525878906,53.20000076293945,106070
2021-08-19,53.0,53.20000076293945,51.900001525878906,51.900001525878906,136001
2021-08-20,52.0,52.5,51.79999923706055,51.900001525878906,120159
2021-08-23,53.0,53.5,52.79999923706055,52.900001525878906,61000
2021-08-24,52.900001525878906,53.79999923706055,52.900001525878906,53.29999923706055,87297
2021-08-25,53.79999923706055,54.099998474121094,53.5,53.79999923706055,52035
2021-08-26,54.29999923706055,54.29999923706055,53.5,53.599998474121094,38115
2021-08-27,54.099998474121094,54.29999923706055,53.79999923706055,54.099998474121094,45347
2021-08-30,54.599998474121094,54.599998474121094,54.5,54.5,40120
2021-08-31,54.70000076293945,54.79999923706055,54.5,54.5,53038
2021-09-01,54.5,54.900001525878906,54.5,54.70000076293945,25200
2021-09-02,54.599998474121094,54.70000076293945,54.5,54.5,38200
2021-09-03,54.5,54.70000076293945,54.5,54.70000076293945,55761
2021-09-06,54.70000076293945,54.70000076293945,54.099998474121094,54.099998474121094,69203
2021-09-07,54.900001525878906,54.900001525878906,54.20000076293945,54.400001525878906,68000
2021-09-08,54.400001525878906,54.900001525878906,54.0,54.5,65070
2021-09-09,53.900001525878906,54.70000076293945,53.79999923706055,54.599998474121094,33100
2021-09-10,54.599998474121094,54.599998474121094,54.29999923706055,54.599998474121094,53035
2021-09-13,54.5,54.5,54.099998474121094,54.099998474121094,58533
2021-09-14,54.5,54.5,53.900001525878906,54.400001525878906,55301
2021-09-15,54.20000076293945,54.5,54.099998474121094,54.20000076293945,77048
2021-09-16,54.29999923706055,54.29999923706055,53.79999923706055,54.20000076293945,53000
2021-09-17,54.0,54.20000076293945,54.0,54.0,50035
2021-09-22,53.900001525878906,53.900001525878906,52.79999923706055,53.20000076293945,105035
2021-09-23,53.900001525878906,54.099998474121094,53.099998474121094,53.79999923706055,104400
2021-09-24,54.0,54.29999923706055,54.0,54.29999923706055,25035
2021-09-27,54.29999923706055,54.599998474121094,54.0,54.29999923706055,91147
2021-09-28,54.29999923706055,54.5,54.0,54.5,54000
2021-09-29,54.5,54.5,53.70000076293945,54.0,82202
2021-09-30,53.900001525878906,54.099998474121094,53.79999923706055,53.900001525878906,33035
2021-10-01,54.0,54.0,52.5,52.5,138000
2021-10-04,53.0,53.0,52.0,52.099998474121094,70152
2021-10-05,52.099998474121094,52.5,52.099998474121094,52.400001525878906,36050
2021-10-06,52.400001525878906,52.900001525878906,52.400001525878906,52.5,26301
2021-10-07,53.0,53.400001525878906,52.79999923706055,52.79999923706055,59176
2021-10-08,52.79999923706055,52.900001525878906,52.29999923706055,52.400001525878906,62000
2021-10-12,52.5,52.5,51.79999923706055,52.29999923706055,113459
2021-10-13,52.099998474121094,52.70000076293945,52.0,52.599998474121094,68000
2021-10-14,52.599998474121094,52.599998474121094,52.0,52.099998474121094,66348
2021-10-15,52.599998474121094,52.70000076293945,52.20000076293945,52.599998474121094,62000
2021-10-18,52.400001525878906,55.599998474121094,52.400001525878906,54.79999923706055,230554
2021-10-19,55.5,55.599998474121094,54.5,54.79999923706055,192635
2021-10-20,54.5,54.79999923706055,54.29999923706055,54.5,37000
2021-10-21,54.5,54.79999923706055,54.400001525878906,54.70000076293945,17000
2021-10-22,54.5,54.70000076293945,54.29999923706055,54.70000076293945,26001
2021-10-25,54.599998474121094,54.79999923706055,54.400001525878906,54.79999923706055,87111
2021-10-26,54.900001525878906,56.0,54.79999923706055,56.0,231258
2021-10-27,55.5,57.0,55.5,57.0,233235
2021-10-28,56.70000076293945,57.0,56.5,57.0,74000
2021-10-29,57.099998474121094,57.29999923706055,56.79999923706055,57.0,61000
2021-11-01,57.20000076293945,57.29999923706055,57.0,57.20000076293945,87312
2021-11-02,57.20000076293945,57.20000076293945,56.599998474121094,57.099998474121094,92242
2021-11-03,57.099998474121094,57.20000076293945,56.70000076293945,56.900001525878906,63168
2021-11-04,56.900001525878906,57.20000076293945,56.5,56.79999923706055,66000
2021-11-05,56.79999923706055,57.0,56.79999923706055,56.79999923706055,63000
2021-11-08,56.20000076293945,56.900001525878906,56.20000076293945,56.5,28006
2021-11-09,56.79999923706055,56.79999923706055,56.5,56.5,37001
2021-11-10,56.099998474121094,56.599998474121094,56.099998474121094,56.599998474121094,38830
2021-11-11,56.79999923706055,57.099998474121094,56.79999923706055,57.0,135025
2021-11-12,57.099998474121094,57.900001525878906,57.099998474121094,57.900001525878906,183880
2021-11-15,58.29999923706055,58.599998474121094,57.599998474121094,57.900001525878906,216053
2021-11-16,58.29999923706055,59.599998474121094,58.29999923706055,59.5,317035
2021-11-17,59.70000076293945,59.79999923706055,59.0,59.599998474121094,184895
2021-11-18,59.79999923706055,61.29999923706055,59.20000076293945,61.099998474121094,438362
2021-11-19,61.29999923706055,61.599998474121094,59.599998474121094,60.20000076293945,213448
2021-11-22,60.400001525878906,61.0,59.599998474121094,60.29999923706055,106035
2021-11-23,59.79999923706055,59.900001525878906,59.20000076293945,59.5,174302
2021-11-24,59.5,60.099998474121094,59.099998474121094,60.099998474121094,178004
2021-11-25,60.29999923706055,60.29999923706055,59.900001525878906,60.20000076293945,79035
2021-11-26,60.20000076293945,60.400001525878906,58.79999923706055,59.29999923706055,167121
2021-11-29,59.29999923706055,59.29999923706055,58.400001525878906,58.70000076293945,40304
2021-11-30,59.20000076293945,59.20000076293945,58.599998474121094,58.599998474121094,46932
2021-12-01,58.599998474121094,59.400001525878906,58.400001525878906,59.400001525878906,58269
2021-12-02,59.400001525878906,59.70000076293945,58.70000076293945,58.79999923706055,59456
2021-12-03,58.70000076293945,58.70000076293945,58.099998474121094,58.5,103812
2021-12-06,58.599998474121094,58.599998474121094,58.400001525878906,58.400001525878906,32057
2021-12-07,58.400001525878906,58.79999923706055,58.400001525878906,58.5,45001
2021-12-08,59.0,59.0,58.5,59.0,57018
2021-12-09,58.599998474121094,58.70000076293945,58.400001525878906,58.5,50825
2021-12-10,59.0,60.099998474121094,58.900001525878906,59.79999923706055,184072
2021-12-13,59.79999923706055,60.20000076293945,59.79999923706055,59.79999923706055,63705
2021-12-14,59.599998474121094,59.599998474121094,58.900001525878906,59.0,102050
2021-12-15,58.599998474121094,59.20000076293945,58.599998474121094,58.900001525878906,32000
2021-12-16,58.900001525878906,59.400001525878906,58.20000076293945,58.79999923706055,97050
2021-12-17,58.79999923706055,58.900001525878906,58.5,58.5,28200
2021-12-20,58.400001525878906,58.400001525878906,58.20000076293945,58.29999923706055,41800
2021-12-21,58.20000076293945,59.099998474121094,58.099998474121094,59.099998474121094,92001
2021-12-22,59.099998474121094,59.20000076293945,58.79999923706055,59.099998474121094,77000
2021-12-23,59.099998474121094,59.599998474121094,59.099998474121094,59.099998474121094,62000
2021-12-24,59.400001525878906,59.400001525878906,58.79999923706055,58.900001525878906,55081
2021-12-27,58.900001525878906,59.5,58.900001525878906,59.0,100095
2021-12-28,59.099998474121094,59.599998474121094,59.099998474121094,59.599998474121094,70317
2021-12-29,59.5,59.70000076293945,59.20000076293945,59.599998474121094,68560
2021-12-30,59.599998474121094,59.599998474121094,59.099998474121094,59.599998474121094,66348
2022-01-03,59.70000076293945,59.900001525878906,59.29999923706055,59.70000076293945,96083
2022-01-04,59.79999923706055,59.900001525878906,59.70000076293945,59.79999923706055,43604
2022-01-05,59.599998474121094,59.900001525878906,59.599998474121094,59.900001525878906,63478
2022-01-06,59.599998474121094,60.20000076293945,59.599998474121094,60.099998474121094,59724
2022-01-07,60.099998474121094,60.099998474121094,59.400001525878906,60.0,77984
2022-01-10,57.900001525878906,58.900001525878906,57.900001525878906,58.70000076293945,223171
2022-01-11,58.70000076293945,59.20000076293945,58.29999923706055,58.70000076293945,131101
2022-01-12,58.70000076293945,59.0,58.20000076293945,59.0,93488
2022-01-13,58.900001525878906,59.0,58.79999923706055,58.79999923706055,22050
2022-01-14,58.599998474121094,58.599998474121094,57.900001525878906,58.29999923706055,111000
2022-01-17,57.70000076293945,58.29999923706055,57.70000076293945,58.29999923706055,32500
2022-01-18,58.400001525878906,58.400001525878906,57.70000076293945,57.70000076293945,114797
2022-01-19,57.70000076293945,57.70000076293945,57.099998474121094,57.400001525878906,45050
2022-01-20,57.20000076293945,58.0,57.099998474121094,58.0,41003
2022-01-21,57.29999923706055,57.70000076293945,56.900001525878906,57.20000076293945,126001
2022-01-24,57.0,57.5,56.29999923706055,57.29999923706055,53035
2022-01-25,56.70000076293945,57.099998474121094,56.70000076293945,57.099998474121094,27438
2022-01-26,57.0,57.599998474121094,56.79999923706055,57.099998474121094,48000
2022-02-07,57.099998474121094,57.099998474121094,56.20000076293945,56.79999923706055,453041
2022-02-08,56.79999923706055,57.29999923706055,56.29999923706055,57.29999923706055,145183
2022-02-09,57.099998474121094,57.599998474121094,57.0,57.599998474121094,94037
2022-02-10,57.5,58.0,57.29999923706055,58.0,91356
2022-02-11,57.900001525878906,58.599998474121094,57.79999923706055,58.20000076293945,204035
2022-02-14,57.900001525878906,57.900001525878906,57.400001525878906,57.400001525878906,83952
2022-02-15,57.29999923706055,57.79999923706055,57.29999923706055,57.599998474121094,30100
2022-02-16,57.79999923706055,58.099998474121094,57.599998474121094,57.900001525878906,44035
2022-02-17,57.900001525878906,58.5,57.900001525878906,58.5,82051
2022-02-18,58.29999923706055,58.29999923706055,58.099998474121094,58.20000076293945,50036
2022-02-21,58.29999923706055,58.5,58.0,58.5,42055
2022-02-22,58.099998474121094,58.099998474121094,57.5,57.79999923706055,88036
2022-02-23,58.099998474121094,58.29999923706055,57.900001525878906,58.0,72000
2022-02-24,58.0,58.0,57.0,57.099998474121094,59212
2022-02-25,58.0,58.0,56.29999923706055,57.5,94035
2022-03-01,57.5,58.29999923706055,57.5,58.0,50035
2022-03-02,58.0,58.599998474121094,57.79999923706055,58.5,40035
2022-03-03,58.70000076293945,58.79999923706055,58.20000076293945,58.400001525878906,30003
2022-03-04,58.20000076293945,58.400001525878906,57.900001525878906,57.900001525878906,38001
2022-03-07,57.599998474121094,57.599998474121094,56.599998474121094,57.099998474121094,99037
2022-03-08,57.20000076293945,57.20000076293945,56.5,56.599998474121094,54172
2022-03-09,56.599998474121094,57.400001525878906,56.599998474121094,56.900001525878906,64004
2022-03-10,57.400001525878906,57.900001525878906,57.20000076293945,57.20000076293945,26035
2022-03-11,57.099998474121094,57.099998474121094,56.70000076293945,56.900001525878906,32035
2022-03-14,57.099998474121094,57.20000076293945,56.900001525878906,57.20000076293945,20801
2022-03-15,56.70000076293945,56.79999923706055,56.599998474121094,56.79999923706055,27000
2022-03-16,56.70000076293945,57.0,56.5,56.79999923706055,43265
2022-03-17,57.5,57.5,57.099998474121094,57.29999923706055,20140
2022-03-18,57.20000076293945,57.400001525878906,56.900001525878906,57.400001525878906,34859
2022-03-21,57.29999923706055,57.400001525878906,57.099998474121094,57.29999923706055,35230
2022-03-22,57.599998474121094,57.599998474121094,57.20000076293945,57.29999923706055,37050
2022-03-23,57.099998474121094,57.5,56.900001525878906,57.099998474121094,82220
2022-03-24,56.900001525878906,57.20000076293945,56.900001525878906,56.900001525878906,59000
2022-03-25,57.20000076293945,57.20000076293945,56.29999923706055,56.29999923706055,70059
2022-03-28,56.20000076293945,56.5,56.099998474121094,56.5,51500
2022-03-29,56.5,57.0,56.29999923706055,56.900001525878906,30227
2022-03-30,56.900001525878906,56.900001525878906,55.79999923706055,56.0,288628
2022-03-31,56.0,56.0,55.5,55.79999923706055,140030
2022-04-01,55.599998474121094,56.0,55.0,55.70000076293945,136250
2022-04-06,55.70000076293945,55.79999923706055,54.900001525878906,55.400001525878906,215004
2022-04-07,55.0,55.099998474121094,54.599998474121094,55.099998474121094,100157
2022-04-08,54.70000076293945,55.0,54.70000076293945,54.900001525878906,32276
2022-04-11,54.900001525878906,54.900001525878906,54.0,54.20000076293945,94051
2022-04-12,53.79999923706055,54.099998474121094,53.099998474121094,54.099998474121094,47001
2022-04-13,55.0,55.0,53.79999923706055,54.5,44000
2022-04-14,54.70000076293945,54.70000076293945,54.20000076293945,54.5,62000
2022-04-15,54.20000076293945,54.20000076293945,53.79999923706055,54.0,42170
2022-04-18,54.0,54.0,52.900001525878906,53.0,181127
2022-04-19,53.0,53.0,51.400001525878906,51.900001525878906,877325
2022-04-20,52.20000076293945,52.599998474121094,51.79999923706055,52.20000076293945,252050
2022-04-21,52.20000076293945,52.400001525878906,51.79999923706055,52.20000076293945,128654
2022-04-22,52.099998474121094,53.099998474121094,52.0,52.900001525878906,99200
2022-04-25,52.5,52.5,51.900001525878906,52.0,86582
2022-04-26,51.900001525878906,52.29999923706055,51.900001525878906,52.0,26836
2022-04-27,51.79999923706055,51.79999923706055,51.099998474121094,51.20000076293945,72075
2022-04-28,51.20000076293945,51.900001525878906,51.20000076293945,51.599998474121094,13218
2022-04-29,51.599998474121094,51.900001525878906,51.29999923706055,51.79999923706055,54050
2022-05-03,51.70000076293945,51.79999923706055,51.29999923706055,51.70000076293945,13001
2022-05-04,52.0,52.0,51.79999923706055,51.900001525878906,17002
2022-05-05,52.20000076293945,52.400001525878906,52.0,52.29999923706055,26050
2022-05-06,51.29999923706055,52.0,51.29999923706055,51.900001525878906,39002
2022-05-09,51.599998474121094,51.599998474121094,51.0,51.099998474121094,59643
2022-05-10,51.099998474121094,51.099998474121094,50.099998474121094,50.5,87220
2022-05-11,50.5,50.5,49.900001525878906,49.900001525878906,137119
2022-05-12,50.0,50.0,48.599998474121094,48.599998474121094,220471
2022-05-13,48.900001525878906,49.150001525878906,48.599998474121094,48.70000076293945,73105
2022-05-16,49.099998474121094,50.0,49.099998474121094,49.349998474121094,108999
2022-05-17,50.0,50.400001525878906,49.900001525878906,50.0,32425
2022-05-18,50.0,51.0,50.0,51.0,60001
2022-05-19,50.400001525878906,50.400001525878906,50.099998474121094,50.20000076293945,21000
2022-05-20,50.29999923706055,50.599998474121094,50.099998474121094,50.099998474121094,26036
2022-05-23,50.20000076293945,50.400001525878906,50.0,50.099998474121094,49001
2022-05-24,50.400001525878906,50.70000076293945,50.0,50.0,48000
2022-05-25,50.0,50.79999923706055,50.0,50.79999923706055,37001
2022-05-26,51.0,52.70000076293945,50.599998474121094,51.099998474121094,160001
2022-05-27,51.20000076293945,51.400001525878906,50.0,50.400001525878906,143000
2022-05-30,50.400001525878906,50.79999923706055,50.400001525878906,50.5,31002
2022-05-31,50.5,50.5,50.0,50.20000076293945,101481
2022-06-01,50.20000076293945,50.900001525878906,50.20000076293945,50.599998474121094,82000
2022-06-02,50.599998474121094,51.099998474121094,50.5,50.900001525878906,33010
2022-06-06,50.900001525878906,51.400001525878906,50.79999923706055,51.400001525878906,43200
2022-06-07,51.400001525878906,51.400001525878906,50.900001525878906,51.29999923706055,24000
2022-06-08,51.29999923706055,51.599998474121094,50.900001525878906,51.29999923706055,55000
2022-06-09,51.20000076293945,51.5,51.099998474121094,51.29999923706055,37000
2022-06-10,50.900001525878906,51.599998474121094,50.79999923706055,51.0,89000
2022-06-13,50.20000076293945,50.400001525878906,49.95000076293945,50.400001525878906,115100
2022-06-14,49.900001525878906,50.5,49.900001525878906,50.400001525878906,32000
2022-06-15,50.5,51.20000076293945,50.5,51.099998474121094,42126
2022-06-16,51.20000076293945,51.79999923706055,50.70000076293945,50.70000076293945,89176
2022-06-17,50.70000076293945,50.900001525878906,50.29999923706055,50.599998474121094,40600
2022-06-20,50.900001525878906,50.900001525878906,50.0,50.0,39180
2022-06-21,50.0,50.900001525878906,50.0,50.900001525878906,24000
2022-06-22,50.70000076293945,51.099998474121094,50.20000076293945,50.5,49000
2022-06-23,50.79999923706055,50.79999923706055,50.400001525878906,50.5,31011
2022-06-24,50.79999923706055,51.20000076293945,50.599998474121094,50.79999923706055,30056
2022-06-27,51.400001525878906,51.400001525878906,50.599998474121094,51.0,44083
2022-06-28,51.099998474121094,51.099998474121094,50.79999923706055,50.79999923706055,15000
2022-06-29,50.5,51.0,50.0,50.0,96012
2022-06-30,50.5,50.5,49.70000076293945,49.75,98000
2022-07-01,49.900001525878906,50.400001525878906,48.650001525878906,48.75,135012
2022-07-04,50.0,50.0,49.0,49.349998474121094,113518
2022-07-05,49.95000076293945,50.0,49.5,49.900001525878906,134702
2022-07-06,46.79999923706055,47.0,46.25,46.25,112648
2022-07-07,46.900001525878906,47.25,46.54999923706055,47.099998474121094,75250
2022-07-08,47.20000076293945,47.45000076293945,46.95000076293945,47.04999923706055,52020
2022-07-11,47.25,47.25,46.599998474121094,46.599998474121094,153000
2022-07-12,47.0,47.0,46.349998474121094,46.5,155060
2022-07-13,47.0,47.0,46.54999923706055,46.79999923706055,73000
2022-07-14,47.0,47.0,46.599998474121094,46.95000076293945,72017
2022-07-15,47.04999923706055,47.04999923706055,46.349998474121094,46.349998474121094,99041
2022-07-18,47.0,47.0,46.650001525878906,46.79999923706055,64217
2022-07-19,47.0,47.04999923706055,46.650001525878906,47.0,54001
2022-07-20,47.599998474121094,47.599998474121094,47.29999923706055,47.45000076293945,53035
2022-07-21,47.45000076293945,47.70000076293945,47.45000076293945,47.70000076293945,12000
2022-07-22,47.75,47.900001525878906,47.54999923706055,47.599998474121094,42000
2022-07-25,47.599998474121094,47.599998474121094,47.29999923706055,47.29999923706055,35007
2022-07-26,47.20000076293945,47.5,47.150001525878906,47.150001525878906,24670
2022-07-27,47.20000076293945,47.599998474121094,46.95000076293945,47.599998474121094,63131
2022-07-28,47.70000076293945,47.70000076293945,47.29999923706055,47.29999923706055,28036
2022-07-29,47.5,47.5,47.349998474121094,47.5,11022
2022-08-01,47.5,47.900001525878906,47.5,47.900001525878906,27000
2022-08-02,47.79999923706055,47.900001525878906,47.5,47.900001525878906,20001
2022-08-03,47.70000076293945,47.79999923706055,47.29999923706055,47.75,16000
2022-08-04,47.70000076293945,47.70000076293945,47.20000076293945,47.349998474121094,20000
2022-08-05,47.150001525878906,47.54999923706055,47.150001525878906,47.5,37000
2022-08-08,47.25,47.75,47.25,47.70000076293945,81000
2022-08-09,47.650001525878906,48.54999923706055,47.650001525878906,48.099998474121094,63000
2022-08-10,48.5,48.650001525878906,48.349998474121094,48.650001525878906,76000
2022-08-11,49.04999923706055,49.099998474121094,48.900001525878906,49.0,60000
2022-08-12,48.900001525878906,49.79999923706055,48.900001525878906,49.79999923706055,55330
2022-08-15,49.79999923706055,50.5,49.599998474121094,50.5,39400
2022-08-16,50.5,51.0,49.79999923706055,50.400001525878906,63988
2022-08-17,50.900001525878906,50.900001525878906,50.20000076293945,50.70000076293945,44001
2022-08-18,50.599998474121094,50.599998474121094,50.099998474121094,50.400001525878906,27001
2022-08-19,50.29999923706055,50.29999923706055,50.0,50.20000076293945,33024
2022-08-22,50.099998474121094,50.099998474121094,50.0,50.099998474121094,8000
2022-08-23,50.400001525878906,50.400001525878906,50.099998474121094,50.20000076293945,7539
2022-08-24,50.400001525878906,50.400001525878906,50.20000076293945,50.29999923706055,12000
2022-08-25,50.70000076293945,50.70000076293945,50.5,50.5,11000
2022-08-26,50.79999923706055,50.79999923706055,50.5,50.5,133100
2022-08-29,50.29999923706055,50.29999923706055,49.79999923706055,49.900001525878906,20141
2022-08-30,49.70000076293945,49.95000076293945,49.54999923706055,49.95000076293945,102001
2022-08-31,50.099998474121094,50.5,50.0,50.5,27000
2022-09-01,50.099998474121094,50.20000076293945,49.75,49.75,45000
2022-09-02,50.29999923706055,50.400001525878906,49.849998474121094,49.900001525878906,20000
2022-09-05,49.54999923706055,50.400001525878906,49.5,50.400001525878906,36020
2022-09-06,50.29999923706055,50.29999923706055,49.70000076293945,49.79999923706055,48000
2022-09-07,49.79999923706055,50.0,49.29999923706055,49.400001525878906,55001
2022-09-08,52.0,52.20000076293945,50.400001525878906,51.70000076293945,273010
2022-09-12,51.70000076293945,52.0,51.400001525878906,51.70000076293945,81000
2022-09-13,51.70000076293945,53.29999923706055,51.70000076293945,52.599998474121094,287002
2022-09-14,51.79999923706055,52.599998474121094,51.79999923706055,52.29999923706055,69770
2022-09-15,51.70000076293945,52.70000076293945,51.70000076293945,52.599998474121094,32001
2022-09-16,52.099998474121094,52.5,52.099998474121094,52.400001525878906,41001
2022-09-19,52.599998474121094,52.599998474121094,52.29999923706055,52.29999923706055,62867
2022-09-20,52.29999923706055,52.400001525878906,52.0,52.0,43000
2022-09-21,52.0,52.20000076293945,51.20000076293945,51.400001525878906,72001
2022-09-22,51.20000076293945,52.0,51.20000076293945,52.0,42499
2022-09-23,52.099998474121094,52.099998474121094,51.20000076293945,51.79999923706055,45000
2022-09-26,51.400001525878906,51.400001525878906,50.099998474121094,50.900001525878906,95001
2022-09-27,50.20000076293945,51.0,50.20000076293945,50.79999923706055,41000
2022-09-28,51.0,51.0,50.0,50.20000076293945,80302
2022-09-29,50.0,50.29999923706055,50.0,50.20000076293945,30000
2022-09-30,49.5,50.20000076293945,49.5,50.0,44280
2022-10-03,50.0,50.20000076293945,49.70000076293945,49.70000076293945,27165
2022-10-04,50.0,50.400001525878906,49.900001525878906,50.400001525878906,35001
2022-10-05,50.400001525878906,50.900001525878906,50.400001525878906,50.5,42000
2022-10-06,51.0,51.099998474121094,50.599998474121094,50.79999923706055,66040
2022-10-07,50.900001525878906,51.099998474121094,50.79999923706055,50.900001525878906,25000
2022-10-11,50.400001525878906,50.400001525878906,48.900001525878906,49.70000076293945,101000
2022-10-12,52.099998474121094,52.099998474121094,50.900001525878906,51.099998474121094,135002
2022-10-13,51.20000076293945,51.400001525878906,49.79999923706055,50.20000076293945,46000
2022-10-14,51.0,51.29999923706055,50.70000076293945,50.79999923706055,68898
2022-10-17,50.79999923706055,50.79999923706055,50.0,50.5,26001
2022-10-18,50.20000076293945,51.5,50.20000076293945,51.099998474121094,60004
2022-10-19,51.20000076293945,51.20000076293945,50.79999923706055,51.0,37000
2022-10-20,50.70000076293945,50.70000076293945,50.20000076293945,50.29999923706055,39000
2022-10-21,50.400001525878906,50.400001525878906,49.900001525878906,50.20000076293945,49020
2022-10-24,50.900001525878906,50.900001525878906,50.29999923706055,50.5,21000
2022-10-25,50.70000076293945,50.79999923706055,49.849998474121094,49.849998474121094,54454
2022-10-26,49.849998474121094,50.599998474121094,49.849998474121094,50.5,17001
2022-10-27,50.599998474121094,51.0,50.5,50.900001525878906,47058
2022-10-28,50.70000076293945,50.70000076293945,50.29999923706055,50.29999923706055,14000
2022-10-31,50.29999923706055,50.70000076293945,50.29999923706055,50.400001525878906,42496
2022-11-01,50.20000076293945,50.599998474121094,50.20000076293945,50.599998474121094,63000
2022-11-02,50.79999923706055,50.900001525878906,50.599998474121094,50.900001525878906,39500
2022-11-03,51.29999923706055,51.29999923706055,50.0,50.0,82000
2022-11-04,50.79999923706055,50.900001525878906,50.0,50.70000076293945,59040
2022-11-07,51.0,51.099998474121094,49.900001525878906,50.70000076293945,278000
2022-11-08,50.599998474121094,50.79999923706055,50.29999923706055,50.70000076293945,46000
2022-11-09,50.70000076293945,51.0,50.5,50.900001525878906,58002
2022-11-10,50.29999923706055,50.599998474121094,50.29999923706055,50.400001525878906,64000
2022-11-11,51.099998474121094,51.5,50.5,50.900001525878906,57001
2022-11-14,50.900001525878906,51.20000076293945,50.70000076293945,51.099998474121094,85000
2022-11-15,51.20000076293945,51.20000076293945,50.599998474121094,51.099998474121094,91000
2022-11-16,51.099998474121094,51.20000076293945,50.599998474121094,50.599998474121094,66000
2022-11-17,50.70000076293945,51.0,50.5,51.0,59000
2022-11-18,51.099998474121094,51.20000076293945,50.900001525878906,51.0,27000
2022-11-21,51.0,51.400001525878906,50.900001525878906,51.400001525878906,54000
2022-11-22,51.400001525878906,51.599998474121094,51.20000076293945,51.5,61000
2022-11-23,51.70000076293945,51.900001525878906,51.5,51.900001525878906,72802
2022-11-24,52.0,52.79999923706055,52.0,52.79999923706055,83004
2022-11-25,53.20000076293945,53.29999923706055,52.400001525878906,52.5,42593
2022-11-28,52.20000076293945,52.599998474121094,52.0,52.400001525878906,34001
2022-11-29,52.099998474121094,52.599998474121094,51.900001525878906,52.29999923706055,19121
2022-11-30,52.29999923706055,52.599998474121094,52.099998474121094,52.599998474121094,23060
2022-12-01,53.099998474121094,53.099998474121094,52.20000076293945,52.900001525878906,95001
2022-12-02,52.900001525878906,53.099998474121094,52.599998474121094,52.900001525878906,25121
2022-12-05,53.0,53.0,52.79999923706055,53.0,51010
2022-12-06,52.29999923706055,53.099998474121094,52.29999923706055,52.70000076293945,63001
2022-12-07,52.5,52.599998474121094,52.0,52.599998474121094,48860
2022-12-08,52.20000076293945,52.599998474121094,51.70000076293945,52.599998474121094,72038
2022-12-09,52.79999923706055,52.79999923706055,52.20000076293945,52.29999923706055,58442
2022-12-12,51.79999923706055,52.29999923706055,51.599998474121094,52.099998474121094,36000
2022-12-13,52.20000076293945,52.29999923706055,51.900001525878906,52.0,38000
2022-12-14,52.400001525878906,52.5,52.099998474121094,52.20000076293945,22000
2022-12-15,52.099998474121094,52.400001525878906,51.900001525878906,51.900001525878906,37331
2022-12-16,51.70000076293945,52.0,51.20000076293945,51.70000076293945,54244
2022-12-19,51.70000076293945,52.29999923706055,51.70000076293945,52.20000076293945,13000
2022-12-20,52.099998474121094,52.20000076293945,51.5,51.900001525878906,50000
2022-12-21,51.79999923706055,52.099998474121094,51.5,52.099998474121094,20000
2022-12-22,52.099998474121094,52.099998474121094,51.5,51.70000076293945,49833
2022-12-23,51.29999923706055,51.5,51.29999923706055,51.400001525878906,28035
2022-12-26,51.599998474121094,51.599998474121094,51.0,51.099998474121094,77054
2022-12-27,51.5,51.70000076293945,51.20000076293945,51.29999923706055,26358
2022-12-28,51.5,51.5,51.20000076293945,51.29999923706055,54022
2022-12-29,51.0,51.0,50.599998474121094,50.900001525878906,65002
2022-12-30,51.0,51.20000076293945,51.0,51.20000076293945,2001
2023-01-03,51.20000076293945,51.20000076293945,50.70000076293945,51.0,38000
2023-01-04,51.0,51.20000076293945,50.79999923706055,50.900001525878906,45001
2023-01-05,51.5,51.599998474121094,51.0,51.599998474121094,45005
2023-01-06,51.20000076293945,51.5,51.20000076293945,51.5,3001
2023-01-09,51.599998474121094,52.0,51.599998474121094,51.900001525878906,72032
2023-01-10,52.400001525878906,52.5,52.20000076293945,52.5,82058
2023-01-11,52.900001525878906,52.900001525878906,52.29999923706055,52.29999923706055,36192
2023-01-12,52.29999923706055,52.599998474121094,52.20000076293945,52.20000076293945,50001
2023-01-13,52.400001525878906,52.5,52.20000076293945,52.5,43000
2023-01-16,52.5,52.599998474121094,52.400001525878906,52.5,20000
2023-01-17,52.5,53.0,52.5,52.900001525878906,46000
2023-01-30,53.099998474121094,53.20000076293945,52.900001525878906,53.0,96087
2023-01-31,53.20000076293945,53.29999923706055,53.0,53.099998474121094,41100
2023-02-01,53.20000076293945,53.5,53.0,53.5,54001
2023-02-02,53.5,53.599998474121094,53.29999923706055,53.5,28050
2023-02-03,53.5,53.599998474121094,53.29999923706055,53.5,78001
2023-02-06,53.5,54.5,53.5,54.20000076293945,120036
2023-02-07,54.20000076293945,54.599998474121094,53.900001525878906,54.29999923706055,96660
2023-02-08,54.599998474121094,54.599998474121094,54.20000076293945,54.20000076293945,56156
2023-02-09,53.900001525878906,54.29999923706055,53.900001525878906,54.099998474121094,22112
2023-02-10,53.900001525878906,54.20000076293945,53.70000076293945,54.099998474121094,42003
2023-02-13,53.900001525878906,53.900001525878906,53.599998474121094,53.70000076293945,51002
2023-02-14,54.099998474121094,54.5,54.099998474121094,54.20000076293945,78859
2023-02-15,54.599998474121094,54.599998474121094,54.20000076293945,54.599998474121094,63020
2023-02-16,54.79999923706055,55.0,54.5,55.0,107013
2023-02-17,54.79999923706055,55.29999923706055,54.70000076293945,55.099998474121094,98619
2023-02-20,55.29999923706055,55.599998474121094,54.79999923706055,55.29999923706055,67011
2023-02-21,55.5,55.599998474121094,55.400001525878906,55.599998474121094,37136
2023-02-22,55.5,55.599998474121094,55.099998474121094,55.599998474121094,59012
2023-02-23,55.70000076293945,56.400001525878906,55.70000076293945,56.20000076293945,93604
2023-02-24,56.29999923706055,56.70000076293945,56.29999923706055,56.5,93393
2023-03-01,56.5,57.0,56.5,56.70000076293945,69263
2023-03-02,56.900001525878906,57.20000076293945,56.79999923706055,56.900001525878906,108660
2023-03-03,57.099998474121094,57.400001525878906,57.0,57.20000076293945,78050
2023-03-06,57.599998474121094,57.70000076293945,57.20000076293945,57.70000076293945,102773
2023-03-07,58.0,58.20000076293945,57.79999923706055,58.0,137051
2023-03-08,58.0,58.5,57.900001525878906,58.5,99114
2023-03-09,58.599998474121094,58.599998474121094,56.79999923706055,57.5,124500
2023-03-10,57.099998474121094,57.900001525878906,57.0,57.599998474121094,132001
2023-03-13,57.29999923706055,57.400001525878906,56.400001525878906,56.900001525878906,117012
2023-03-14,56.70000076293945,57.0,56.599998474121094,56.70000076293945,59065
2023-03-15,56.599998474121094,57.0,56.5,56.79999923706055,136246
2023-03-16,56.599998474121094,56.599998474121094,56.0,56.099998474121094,63001
2023-03-17,56.29999923706055,56.29999923706055,56.099998474121094,56.20000076293945,39453
2023-03-20,56.20000076293945,56.400001525878906,55.70000076293945,56.099998474121094,93017
2023-03-21,56.099998474121094,56.599998474121094,56.099998474121094,56.29999923706055,74720
2023-03-22,56.79999923706055,56.79999923706055,56.5,56.70000076293945,51002
2023-03-23,56.900001525878906,57.0,56.70000076293945,56.900001525878906,16000
2023-03-24,56.900001525878906,57.0,56.70000076293945,56.900001525878906,28037
2023-03-27,57.0,57.0,56.5,56.900001525878906,26018
2023-03-28,57.0,57.0,56.70000076293945,56.900001525878906,23400
2023-03-29,56.900001525878906,56.900001525878906,56.79999923706055,56.79999923706055,27067
2023-03-30,57.0,57.0,56.599998474121094,56.70000076293945,17100
2023-03-31,56.79999923706055,56.900001525878906,56.599998474121094,56.79999923706055,36000
2023-04-06,56.5,56.900001525878906,56.5,56.5,70032
2023-04-07,56.599998474121094,57.29999923706055,56.599998474121094,56.900001525878906,77003
2023-04-10,57.29999923706055,57.29999923706055,57.099998474121094,57.099998474121094,40744
2023-04-11,57.099998474121094,57.20000076293945,56.79999923706055,57.0,48025
2023-04-12,57.0,57.20000076293945,56.900001525878906,57.20000076293945,32144
2023-04-13,56.79999923706055,57.20000076293945,56.79999923706055,56.900001525878906,48000
2023-04-14,57.0,57.20000076293945,56.79999923706055,57.0,76326
2023-04-17,57.20000076293945,57.29999923706055,56.900001525878906,57.099998474121094,48593
2023-04-18,57.29999923706055,57.599998474121094,57.20000076293945,57.29999923706055,94824
2023-04-19,57.599998474121094,57.70000076293945,57.29999923706055,57.400001525878906,32801
2023-04-20,57.599998474121094,57.599998474121094,56.70000076293945,57.0,105054
2023-04-21,57.29999923706055,57.29999923706055,56.29999923706055,56.400001525878906,73000
2023-04-24,56.400001525878906,56.599998474121094,56.400001525878906,56.400001525878906,17345
2023-04-25,56.79999923706055,56.900001525878906,55.79999923706055,56.099998474121094,74047
2023-04-26,56.0,56.79999923706055,55.599998474121094,56.79999923706055,72000
2023-04-27,56.79999923706055,56.900001525878906,56.5,56.79999923706055,32000
2023-04-28,57.0,57.0,56.79999923706055,56.900001525878906,39001
2023-05-02,57.099998474121094,57.20000076293945,57.0,57.20000076293945,30003
2023-05-03,57.20000076293945,57.20000076293945,56.0,56.400001525878906,58013
2023-05-04,56.400001525878906,56.70000076293945,56.29999923706055,56.400001525878906,28001
2023-05-05,56.900001525878906,57.0,56.400001525878906,57.0,59000
2023-05-08,57.099998474121094,57.29999923706055,56.70000076293945,56.79999923706055,56090
2023-05-09,56.79999923706055,56.79999923706055,56.599998474121094,56.79999923706055,31432
2023-05-10,56.70000076293945,57.0,56.599998474121094,57.0,8062
2023-05-11,57.0,57.20000076293945,56.5,56.900001525878906,53008
2023-05-12,56.79999923706055,57.099998474121094,56.29999923706055,57.099998474121094,45003
2023-05-15,56.70000076293945,57.099998474121094,56.70000076293945,57.099998474121094,41003
2023-05-16,57.099998474121094,57.099998474121094,56.900001525878906,57.0,25003
2023-05-17,57.099998474121094,57.20000076293945,56.900001525878906,56.900001525878906,82003
2023-05-18,57.099998474121094,57.099998474121094,56.599998474121094,57.0,99000
2023-05-19,57.20000076293945,57.29999923706055,57.099998474121094,57.099998474121094,91518
2023-05-22,57.099998474121094,57.20000076293945,56.900001525878906,57.099998474121094,49032
2023-05-23,57.20000076293945,57.29999923706055,57.20000076293945,57.29999923706055,57150
2023-05-24,57.29999923706055,57.70000076293945,57.29999923706055,57.70000076293945,73020
2023-05-25,57.79999923706055,57.79999923706055,57.400001525878906,57.400001525878906,34183
2023-05-26,57.400001525878906,57.5,57.099998474121094,57.5,41000
2023-05-29,57.5,57.900001525878906,57.29999923706055,57.5,68100
2023-05-30,57.5,57.5,57.20000076293945,57.29999923706055,27141
2023-05-31,57.5,57.599998474121094,57.29999923706055,57.400001525878906,43000
2023-06-01,57.400001525878906,57.5,57.0,57.20000076293945,87001
2023-06-02,57.400001525878906,57.70000076293945,57.400001525878906,57.70000076293945,84001
2023-06-05,57.79999923706055,58.29999923706055,57.70000076293945,58.20000076293945,78034
2023-06-06,58.20000076293945,58.20000076293945,57.70000076293945,58.0,20000
2023-06-07,58.20000076293945,58.29999923706055,58.0,58.20000076293945,39060
2023-06-08,58.099998474121094,58.400001525878906,58.0,58.20000076293945,37002
2023-06-09,58.29999923706055,58.400001525878906,58.20000076293945,58.400001525878906,42080
2023-06-12,58.5,58.599998474121094,58.29999923706055,58.5,84101
2023-06-13,58.5,59.099998474121094,58.5,59.0,135864
2023-06-14,59.20000076293945,59.400001525878906,59.099998474121094,59.400001525878906,106100
2023-06-15,59.400001525878906,59.5,59.0,59.5,63189
2023-06-16,59.29999923706055,59.599998474121094,59.099998474121094,59.400001525878906,52256
2023-06-19,59.29999923706055,59.29999923706055,58.900001525878906,58.900001525878906,77901
2023-06-20,58.900001525878906,59.0,58.5,58.599998474121094,67108
2023-06-21,58.599998474121094,59.099998474121094,58.400001525878906,59.099998474121094,78084
2023-06-26,59.0,59.0,58.400001525878906,58.79999923706055,74043
2023-06-27,58.400001525878906,58.5,58.20000076293945,58.5,60041
2023-06-28,58.5,58.5,58.20000076293945,58.29999923706055,29048
2023-06-29,58.5,58.5,58.20000076293945,58.29999923706055,33060
2023-06-30,58.400001525878906,58.599998474121094,58.29999923706055,58.400001525878906,35100
2023-07-03,58.400001525878906,58.79999923706055,58.099998474121094,58.70000076293945,161004
2023-07-04,58.79999923706055,59.099998474121094,58.5,59.0,72030
2023-07-05,58.900001525878906,59.29999923706055,58.900001525878906,59.29999923706055,105033
2023-07-06,59.29999923706055,59.70000076293945,59.0,59.400001525878906,174000
2023-07-07,59.29999923706055,59.29999923706055,58.900001525878906,59.29999923706055,74000
2023-07-10,59.29999923706055,59.29999923706055,59.0,59.099998474121094,168664
2023-07-11,59.20000076293945,59.400001525878906,59.099998474121094,59.29999923706055,342047
2023-07-12,55.400001525878906,56.599998474121094,55.29999923706055,56.29999923706055,286614
2023-07-13,56.099998474121094,56.599998474121094,56.099998474121094,56.5,122658
2023-07-14,56.599998474121094,57.70000076293945,56.599998474121094,57.70000076293945,119100
2023-07-17,57.900001525878906,58.5,57.5,58.099998474121094,88000
2023-07-18,58.29999923706055,58.79999923706055,57.400001525878906,57.79999923706055,113980
2023-07-19,57.599998474121094,58.0,57.0,57.900001525878906,99051
2023-07-20,57.70000076293945,57.70000076293945,57.400001525878906,57.70000076293945,38012
2023-07-21,57.5,57.5,57.099998474121094,57.29999923706055,61296
2023-07-24,57.29999923706055,57.29999923706055,56.599998474121094,56.79999923706055,57000
2023-07-25,56.79999923706055,56.900001525878906,56.400001525878906,56.400001525878906,102000
2023-07-26,56.099998474121094,56.5,56.0,56.400001525878906,68000
2023-07-27,56.599998474121094,57.400001525878906,56.599998474121094,57.0,106600
2023-07-28,57.099998474121094,57.099998474121094,56.70000076293945,57.0,39046
2023-07-31,57.5,57.5,57.0,57.099998474121094,57251
2023-08-01,57.599998474121094,58.20000076293945,57.599998474121094,57.599998474121094,152031
2023-08-02,57.599998474121094,57.79999923706055,57.29999923706055,57.400001525878906,117120
2023-08-04,57.099998474121094,57.29999923706055,56.79999923706055,57.29999923706055,42013
2023-08-07,57.29999923706055,57.5,56.900001525878906,57.400001525878906,93060
2023-08-08,57.400001525878906,58.20000076293945,57.29999923706055,58.0,137300
2023-08-09,58.0,59.099998474121094,57.900001525878906,59.099998474121094,156141
2023-08-10,59.099998474121094,59.099998474121094,58.20000076293945,58.20000076293945,106225
2023-08-11,58.20000076293945,58.400001525878906,58.099998474121094,58.20000076293945,53000
2023-08-14,58.0,58.79999923706055,57.79999923706055,58.0,84202
2023-08-15,58.099998474121094,58.79999923706055,58.099998474121094,58.400001525878906,74273
2023-08-16,57.79999923706055,58.599998474121094,57.79999923706055,58.599998474121094,62003
2023-08-17,58.599998474121094,58.599998474121094,58.20000076293945,58.599998474121094,34518
2023-08-18,58.599998474121094,58.599998474121094,58.29999923706055,58.599998474121094,76419
2023-08-21,58.599998474121094,58.599998474121094,58.29999923706055,58.29999923706055,13454
2023-08-22,58.400001525878906,58.5,58.0,58.0,40473
2023-08-23,58.0,58.099998474121094,57.900001525878906,58.099998474121094,17825
2023-08-24,58.0,58.099998474121094,57.79999923706055,58.099998474121094,35023
2023-08-25,57.79999923706055,58.0,57.599998474121094,57.599998474121094,42000
2023-08-28,57.599998474121094,57.900001525878906,57.5,57.900001525878906,15600
2023-08-29,58.0,58.099998474121094,57.900001525878906,57.900001525878906,56296
2023-08-30,58.20000076293945,58.20000076293945,58.0,58.099998474121094,27046
2023-08-31,58.0,58.0,57.900001525878906,58.0,16002
2023-09-01,58.0,58.29999923706055,57.79999923706055,58.099998474121094,35001
2023-09-04,58.0,58.099998474121094,57.79999923706055,57.79999923706055,72000
2023-09-05,58.29999923706055,58.29999923706055,57.79999923706055,58.099998474121094,32034
2023-09-06,58.0,58.20000076293945,57.79999923706055,57.900001525878906,44720
2023-09-07,57.70000076293945,58.599998474121094,57.70000076293945,58.20000076293945,104001
2023-09-08,58.5,58.5,58.0,58.29999923706055,38025
2023-09-11,58.599998474121094,58.599998474121094,58.0,58.20000076293945,79648
2023-09-12,58.20000076293945,58.599998474121094,58.0,58.0,47824
2023-09-13,58.099998474121094,58.599998474121094,58.0,58.599998474121094,115062
2023-09-14,58.599998474121094,59.29999923706055,58.599998474121094,59.0,191025
2023-09-15,59.0,59.0,58.20000076293945,58.70000076293945,133300
2023-09-18,58.5,58.5,57.70000076293945,58.29999923706055,46001
2023-09-19,58.400001525878906,58.599998474121094,58.29999923706055,58.29999923706055,84016
2023-09-20,58.099998474121094,58.5,58.099998474121094,58.29999923706055,29000
2023-09-21,57.900001525878906,58.20000076293945,57.5,57.79999923706055,55090
2023-09-22,57.79999923706055,58.599998474121094,57.599998474121094,57.599998474121094,70001
2023-09-25,57.599998474121094,58.099998474121094,57.599998474121094,57.900001525878906,53000
2023-09-26,58.20000076293945,58.20000076293945,57.70000076293945,57.70000076293945,26000
2023-09-27,57.70000076293945,58.0,57.70000076293945,57.79999923706055,29048
2023-09-28,57.79999923706055,58.20000076293945,57.599998474121094,57.70000076293945,29000
2023-10-02,58.29999923706055,58.29999923706055,57.599998474121094,57.599998474121094,80001
2023-10-03,57.599998474121094,57.900001525878906,57.599998474121094,57.70000076293945,36480
2023-10-04,57.5,57.599998474121094,57.099998474121094,57.29999923706055,85000
2023-10-05,57.20000076293945,57.5,57.20000076293945,57.400001525878906,56301
2023-10-06,57.599998474121094,57.79999923706055,57.400001525878906,57.5,33001
2023-10-11,57.400001525878906,57.79999923706055,57.29999923706055,57.599998474121094,28001
2023-10-12,57.70000076293945,57.900001525878906,57.5,57.900001525878906,30076
2023-10-13,57.900001525878906,57.900001525878906,57.599998474121094,57.70000076293945,16000
2023-10-16,57.29999923706055,57.400001525878906,57.29999923706055,57.400001525878906,13188
2023-10-17,57.70000076293945,57.79999923706055,57.099998474121094,57.099998474121094,52000
2023-10-18,57.099998474121094,57.099998474121094,56.599998474121094,56.70000076293945,79000
2023-10-19,56.70000076293945,57.79999923706055,56.599998474121094,56.70000076293945,22000
2023-10-20,56.5,56.70000076293945,56.5,56.70000076293945,20000
2023-10-23,57.900001525878906,58.099998474121094,56.900001525878906,57.0,115050
2023-10-24,57.099998474121094,57.29999923706055,56.79999923706055,57.29999923706055,51001
2023-10-25,57.70000076293945,57.70000076293945,57.099998474121094,57.20000076293945,44034
2023-10-26,57.099998474121094,57.099998474121094,56.70000076293945,56.79999923706055,34063
2023-10-27,57.29999923706055,57.29999923706055,56.79999923706055,56.79999923706055,25000
2023-10-30,56.900001525878906,56.900001525878906,56.400001525878906,56.70000076293945,62000
2023-10-31,56.70000076293945,56.70000076293945,56.29999923706055,56.400001525878906,87000
2023-11-01,56.79999923706055,57.0,56.29999923706055,57.0,56193
2023-11-02,57.099998474121094,57.400001525878906,57.099998474121094,57.20000076293945,52001
2023-11-03,57.70000076293945,57.79999923706055,57.400001525878906,57.5,41058
2023-11-06,57.70000076293945,58.0,57.70000076293945,57.70000076293945,62034
2023-11-07,58.0,58.099998474121094,57.79999923706055,57.900001525878906,38800
2023-11-08,57.79999923706055,58.0,57.70000076293945,57.79999923706055,29072
2023-11-09,58.0,58.0,57.400001525878906,57.400001525878906,56005
2023-11-10,57.099998474121094,57.79999923706055,57.0,57.400001525878906,35000
2023-11-13,57.5,57.70000076293945,57.400001525878906,57.5,46200
2023-11-14,57.5,58.0,57.400001525878906,57.599998474121094,47001
2023-11-15,57.599998474121094,58.29999923706055,57.599998474121094,58.20000076293945,176150
2023-11-16,58.5,58.5,58.099998474121094,58.400001525878906,65037
2023-11-17,57.900001525878906,58.5,57.900001525878906,58.5,50062
2023-11-20,58.5,58.5,58.20000076293945,58.29999923706055,61000
2023-11-21,58.400001525878906,58.70000076293945,58.29999923706055,58.5,281020
2023-11-22,58.5,58.5,57.900001525878906,58.0,57000
2023-11-23,58.29999923706055,58.29999923706055,58.099998474121094,58.20000076293945,14299
2023-11-24,58.400001525878906,58.400001525878906,58.20000076293945,58.20000076293945,22001
2023-11-27,58.20000076293945,58.5,58.099998474121094,58.400001525878906,41259
2023-11-28,58.400001525878906,58.5,58.400001525878906,58.5,109859
2023-11-29,58.70000076293945,58.70000076293945,58.29999923706055,58.29999923706055,29000
2023-11-30,58.20000076293945,58.5,58.099998474121094,58.5,106000
2023-12-01,58.400001525878906,58.5,58.20000076293945,58.20000076293945,64600
2023-12-04,58.5,58.5,58.20000076293945,58.29999923706055,39000
2023-12-05,58.29999923706055,58.29999923706055,58.20000076293945,58.20000076293945,47001
2023-12-06,58.29999923706055,59.099998474121094,58.29999923706055,59.099998474121094,305793
2023-12-07,59.099998474121094,59.70000076293945,58.900001525878906,59.599998474121094,213135
2023-12-08,59.599998474121094,60.0,59.5,60.0,210291
2023-12-11,60.099998474121094,61.0,60.099998474121094,61.0,236718
2023-12-12,61.099998474121094,61.70000076293945,61.099998474121094,61.29999923706055,189000
2023-12-13,61.099998474121094,61.400001525878906,61.0,61.29999923706055,129000
2023-12-14,61.5,61.70000076293945,61.29999923706055,61.70000076293945,91122
2023-12-15,61.900001525878906,61.900001525878906,61.599998474121094,61.79999923706055,76700
2023-12-18,61.79999923706055,62.0,61.70000076293945,61.79999923706055,86724
2023-12-19,61.5,61.599998474121094,61.099998474121094,61.5,152000
2023-12-20,61.900001525878906,62.0,61.599998474121094,61.900001525878906,89532
2023-12-21,61.79999923706055,62.0,61.70000076293945,61.70000076293945,44002
2023-12-22,61.900001525878906,62.20000076293945,61.79999923706055,62.20000076293945,62525
2023-12-25,62.20000076293945,63.599998474121094,62.099998474121094,63.599998474121094,189258
2023-12-26,63.5,63.5,62.79999923706055,63.0,85892
2023-12-27,62.900001525878906,63.099998474121094,62.5,63.099998474121094,64459
2023-12-28,63.400001525878906,63.400001525878906,62.79999923706055,63.099998474121094,119120
2023-12-29,62.900001525878906,63.29999923706055,62.900001525878906,63.20000076293945,114353
2024-01-02,63.0,63.0,62.5,63.0,70190
2024-01-03,62.79999923706055,62.79999923706055,62.099998474121094,62.5,60045
2024-01-04,62.5,62.5,61.900001525878906,62.5,49004
2024-01-05,62.400001525878906,62.400001525878906,61.900001525878906,62.099998474121094,63457
2024-01-08,62.0,62.0,61.70000076293945,61.900001525878906,68020
2024-01-09,62.0,62.0,61.599998474121094,61.900001525878906,48010
2024-01-10,61.70000076293945,62.0,61.29999923706055,61.900001525878906,105000
2024-01-11,61.70000076293945,62.20000076293945,61.70000076293945,62.099998474121094,90790
2024-01-12,62.0,62.20000076293945,61.900001525878906,62.099998474121094,60187
2024-01-15,62.0,62.0,61.70000076293945,61.79999923706055,45030
2024-01-16,61.900001525878906,61.900001525878906,61.599998474121094,61.79999923706055,25000
2024-01-17,61.70000076293945,61.900001525878906,61.20000076293945,61.900001525878906,93000
2024-01-18,61.900001525878906,61.900001525878906,61.400001525878906,61.5,62013
2024-01-19,61.400001525878906,61.79999923706055,61.400001525878906,61.5,30000
2024-01-22,61.5,61.79999923706055,61.5,61.599998474121094,12088
2024-01-23,61.900001525878906,64.30000305175781,61.900001525878906,64.30000305175781,266110
2024-01-24,64.0,64.19999694824219,63.5,63.599998474121094,107000
2024-01-25,63.5,63.79999923706055,63.0,63.5,59000
2024-01-26,63.20000076293945,63.79999923706055,63.0,63.70000076293945,101000
2024-01-29,63.400001525878906,64.0999984741211,63.20000076293945,63.900001525878906,76000
2024-01-30,63.900001525878906,64.0,63.79999923706055,63.79999923706055,48000
2024-01-31,63.70000076293945,63.79999923706055,63.5,63.5,55000
2024-02-01,63.900001525878906,64.0999984741211,63.70000076293945,64.0999984741211,52000
2024-02-02,64.0999984741211,64.80000305175781,64.0,64.69999694824219,100072
2024-02-05,64.5,64.80000305175781,64.30000305175781,64.5999984741211,43030
2024-02-15,64.5,64.5,63.70000076293945,64.0,117378
2024-02-16,64.0,64.19999694824219,63.900001525878906,64.19999694824219,78000
2024-02-19,64.0,64.19999694824219,64.0,64.19999694824219,98042
2024-02-20,64.0,64.19999694824219,64.0,64.19999694824219,59102
2024-02-21,64.0,64.9000015258789,63.79999923706055,64.5999984741211,88103
2024-02-22,64.30000305175781,64.80000305175781,64.0999984741211,64.5,91580
2024-02-23,64.19999694824219,64.5999984741211,64.0999984741211,64.5,74003
2024-02-26,64.5,65.30000305175781,64.0,65.30000305175781,113149
2024-02-27,65.30000305175781,65.4000015258789,64.69999694824219,65.30000305175781,120020
2024-02-29,65.30000305175781,67.0,65.30000305175781,66.5999984741211,167120
2024-03-01,66.5,66.5,65.80000305175781,66.19999694824219,104001
2024-03-04,66.4000015258789,66.4000015258789,65.5999984741211,66.19999694824219,101000
2024-03-05,65.80000305175781,66.19999694824219,65.4000015258789,66.19999694824219,115000
2024-03-06,65.80000305175781,67.30000305175781,65.80000305175781,66.9000015258789,89921
2024-03-07,66.9000015258789,66.9000015258789,66.0999984741211,66.19999694824219,79025
2024-03-08,66.0,66.19999694824219,64.5999984741211,65.69999694824219,174103
2024-03-11,65.0,66.19999694824219,65.0,66.19999694824219,96106
2024-03-12,66.19999694824219,66.5999984741211,66.0,66.30000305175781,68050
2024-03-13,66.30000305175781,66.5999984741211,65.80000305175781,66.5,80085
2024-03-14,66.30000305175781,66.5,65.80000305175781,66.4000015258789,58000
2024-03-15,66.4000015258789,67.4000015258789,66.4000015258789,67.4000015258789,163351
2024-03-18,67.9000015258789,69.19999694824219,67.9000015258789,69.19999694824219,193050
2024-03-19,69.19999694824219,71.9000015258789,69.0,71.0,273977
2024-03-20,71.0,71.0,69.69999694824219,71.0,173124
2024-03-21,71.0,71.0,70.30000305175781,70.5999984741211,91010
2024-03-22,70.5999984741211,71.0,70.0,70.4000015258789,82049
2024-03-25,70.0999984741211,70.5,69.5999984741211,70.0,105003
2024-03-26,69.80000305175781,69.80000305175781,68.5999984741211,68.69999694824219,132052
2024-03-27,68.5,70.0,68.19999694824219,70.0,120859
2024-03-28,69.80000305175781,70.19999694824219,69.5,69.5,54310
2024-03-29,69.4000015258789,69.4000015258789,69.0,69.0999984741211,66000
2024-04-01,69.5,69.69999694824219,68.9000015258789,69.5999984741211,90085
2024-04-02,70.19999694824219,70.80000305175781,70.0,70.80000305175781,183705
2024-04-03,70.5,72.0,70.30000305175781,72.0,217511
2024-04-08,71.69999694824219,71.69999694824219,71.0999984741211,71.19999694824219,96100
2024-04-09,71.19999694824219,71.19999694824219,70.5999984741211,70.9000015258789,127518
2024-04-10,69.69999694824219,70.0999984741211,69.5999984741211,69.80000305175781,392001
2024-04-11,69.69999694824219,69.69999694824219,69.19999694824219,69.30000305175781,135000
2024-04-12,69.30000305175781,69.30000305175781,68.5999984741211,69.0999984741211,175150
2024-04-15,69.0,69.30000305175781,68.5999984741211,69.0,123001
2024-04-16,70.0999984741211,72.4000015258789,69.80000305175781,70.4000015258789,475432
2024-04-17,70.80000305175781,72.5,69.4000015258789,71.9000015258789,618001
2024-04-18,71.5999984741211,72.0,71.4000015258789,71.80000305175781,140063
2024-04-19,71.19999694824219,71.4000015258789,69.19999694824219,71.0,267000
2024-04-22,71.0,71.30000305175781,70.0,70.30000305175781,133660
2024-04-23,70.5,71.69999694824219,70.5,71.5999984741211,166768
2024-04-24,71.5,72.0999984741211,71.19999694824219,71.5999984741211,152000
2024-04-25,71.5,72.0,70.80000305175781,71.0999984741211,170012
2024-04-26,71.0,71.4000015258789,70.5,71.30000305175781,123001
2024-04-29,71.19999694824219,71.69999694824219,71.0999984741211,71.4000015258789,126181
2024-04-30,71.0999984741211,71.5999984741211,71.0,71.5,111831
2024-05-02,71.19999694824219,73.5,71.19999694824219,73.30000305175781,355150
2024-05-03,73.9000015258789,73.9000015258789,72.5,72.5,191000
2024-05-06,72.5999984741211,73.0,72.19999694824219,73.0,150405
2024-05-07,73.0,73.19999694824219,72.5,72.5999984741211,143200
2024-05-08,72.5,72.80000305175781,72.0,72.5,78081
2024-05-09,72.4000015258789,72.9000015258789,72.0999984741211,72.30000305175781,79000
2024-05-10,71.5999984741211,72.19999694824219,71.5,71.9000015258789,165000
2024-05-13,71.9000015258789,71.9000015258789,71.5,71.5999984741211,109000
2024-05-14,71.69999694824219,71.69999694824219,71.0999984741211,71.4000015258789,87002
2024-05-15,71.80000305175781,71.9000015258789,71.19999694824219,71.69999694824219,83397
2024-05-16,71.69999694824219,72.4000015258789,71.69999694824219,72.0999984741211,110121
2024-05-17,71.5999984741211,72.19999694824219,71.5,71.80000305175781,49000
2024-05-20,72.19999694824219,72.19999694824219,71.5,72.0,79000
2024-05-21,72.0999984741211,73.5,71.5999984741211,73.5,228550
2024-05-22,73.5,73.5,72.5999984741211,72.69999694824219,117000
2024-05-23,72.4000015258789,72.69999694824219,72.30000305175781,72.30000305175781,80000
2024-05-24,72.19999694824219,72.19999694824219,71.5999984741211,72.0,55639
2024-05-27,72.5999984741211,73.0,72.0999984741211,72.80000305175781,88080
2024-05-28,72.9000015258789,73.0999984741211,72.5999984741211,73.0999984741211,124355
2024-05-29,73.19999694824219,73.5999984741211,73.0999984741211,73.5,108437
2024-05-30,73.5,73.5,72.5999984741211,72.80000305175781,80001
2024-05-31,72.80000305175781,73.30000305175781,72.80000305175781,73.30000305175781,37812
2024-06-03,73.4000015258789,73.4000015258789,72.80000305175781,73.0999984741211,82880
2024-06-04,72.4000015258789,73.19999694824219,72.4000015258789,72.80000305175781,36000
2024-06-05,72.69999694824219,73.19999694824219,72.4000015258789,72.5999984741211,72000
2024-06-06,72.5999984741211,72.80000305175781,72.4000015258789,72.5999984741211,49000
2024-06-07,72.5999984741211,73.0,72.4000015258789,72.5,46000
2024-06-11,72.30000305175781,72.80000305175781,72.30000305175781,72.5999984741211,79082
2024-06-12,72.9000015258789,72.9000015258789,72.30000305175781,72.9000015258789,71789
2024-06-13,73.0,73.19999694824219,72.5999984741211,73.19999694824219,111503
2024-06-14,73.19999694824219,73.80000305175781,73.19999694824219,73.30000305175781,55289
2024-06-17,73.0999984741211,73.5999984741211,73.0999984741211,73.5,79200
2024-06-18,73.19999694824219,74.5999984741211,73.19999694824219,74.5999984741211,188131
2024-06-19,74.5,74.5999984741211,74.19999694824219,74.5999984741211,71301
2024-06-20,74.5999984741211,75.5,74.30000305175781,75.5,105561
2024-06-21,75.19999694824219,75.30000305175781,74.69999694824219,75.0999984741211,112199
2024-06-24,74.9000015258789,75.0999984741211,74.4000015258789,74.5999984741211,155000
2024-06-25,74.5999984741211,74.9000015258789,73.9000015258789,74.9000015258789,79069
2024-06-26,75.0,75.69999694824219,75.0,75.69999694824219,112006
2024-06-27,75.30000305175781,75.9000015258789,74.69999694824219,75.9000015258789,115247
2024-06-28,75.5,75.9000015258789,75.30000305175781,75.9000015258789,63394
2024-07-01,75.5999984741211,75.69999694824219,75.0,75.5999984741211,68367
2024-07-02,75.30000305175781,75.69999694824219,75.19999694824219,75.5999984741211,69020
2024-07-03,75.5999984741211,76.9000015258789,75.19999694824219,76.9000015258789,216255
2024-07-04,76.4000015258789,78.19999694824219,76.4000015258789,78.19999694824219,213398
2024-07-05,77.69999694824219,78.5999984741211,77.69999694824219,78.0999984741211,187520
2024-07-08,78.0999984741211,78.5,77.80000305175781,77.80000305175781,275607
2024-07-09,77.0999984741211,77.4000015258789,76.0,76.80000305175781,242748
2024-07-10,76.69999694824219,76.9000015258789,75.80000305175781,76.5999984741211,209044
2024-07-11,76.5999984741211,77.4000015258789,76.4000015258789,77.19999694824219,293450
2024-07-12,73.19999694824219,73.5999984741211,73.0999984741211,73.19999694824219,361920
2024-07-15,73.4000015258789,73.5,73.19999694824219,73.19999694824219,58484
2024-07-16,73.19999694824219,73.4000015258789,72.5,72.5,101120
2024-07-17,72.5999984741211,72.69999694824219,71.80000305175781,72.0,114020
2024-07-18,71.4000015258789,72.0,71.0,72.0,81516
2024-07-19,71.69999694824219,71.69999694824219,70.9000015258789,71.0,83030
2024-07-22,71.19999694824219,71.19999694824219,70.0,70.30000305175781,270148
2024-07-23,71.5999984741211,72.5,71.5999984741211,72.0999984741211,176001
2024-07-26,71.4000015258789,72.30000305175781,71.0,72.30000305175781,131101
2024-07-29,72.69999694824219,72.80000305175781,71.5,72.30000305175781,105100
2024-07-30,72.30000305175781,72.5,71.4000015258789,72.5,62000
2024-07-31,71.5999984741211,72.5999984741211,71.5999984741211,72.5999984741211,41120
2024-08-01,73.0,74.0999984741211,72.69999694824219,74.0999984741211,141000
2024-08-02,74.0999984741211,74.19999694824219,73.30000305175781,73.69999694824219,100001
2024-08-05,73.5999984741211,73.5999984741211,70.0999984741211,70.19999694824219,187051
2024-08-06,71.69999694824219,71.69999694824219,68.0999984741211,70.69999694824219,215100
2024-08-07,70.5999984741211,72.0,70.5999984741211,72.0,67176
2024-08-08,71.69999694824219,72.0,71.4000015258789,72.0,38000
2024-08-09,72.0,72.5,71.9000015258789,72.19999694824219,52028
2024-08-12,72.19999694824219,72.69999694824219,71.80000305175781,71.80000305175781,65000
2024-08-13,72.4000015258789,72.4000015258789,71.4000015258789,71.5999984741211,41001
2024-08-14,71.9000015258789,72.19999694824219,71.5,71.5,56000
2024-08-15,71.9000015258789,72.0999984741211,71.5999984741211,71.9000015258789,57000
2024-08-16,72.5999984741211,72.80000305175781,72.0999984741211,72.0999984741211,80001
2024-08-19,72.0999984741211,72.4000015258789,72.0,72.19999694824219,28002
2024-08-20,72.30000305175781,72.30000305175781,72.0,72.0999984741211,29138
2024-08-21,72.0999984741211,72.19999694824219,71.9000015258789,72.19999694824219,42000
2024-08-22,72.30000305175781,72.30000305175781,71.9000015258789,71.9000015258789,21002
2024-08-23,71.9000015258789,72.0,71.5999984741211,71.9000015258789,27001
2024-08-26,72.0999984741211,72.0999984741211,71.80000305175781,72.0,29242
2024-08-27,72.4000015258789,72.4000015258789,71.5999984741211,72.0,15012
2024-08-28,72.0999984741211,72.0999984741211,71.69999694824219,71.9000015258789,25001
2024-08-29,71.5999984741211,72.19999694824219,71.5999984741211,72.0999984741211,36025
2024-08-30,71.9000015258789,72.5999984741211,71.9000015258789,72.30000305175781,83050
2024-09-02,72.0999984741211,72.4000015258789,71.9000015258789,71.9000015258789,40200
2024-09-03,72.0,72.19999694824219,71.9000015258789,72.0,60500
2024-09-04,71.19999694824219,71.5,71.0,71.0999984741211,111000
2024-09-05,71.80000305175781,71.80000305175781,71.0999984741211,71.0999984741211,37060
2024-09-06,71.0999984741211,71.0999984741211,70.5,70.69999694824219,76024
2024-09-09,70.5,71.19999694824219,70.4000015258789,70.80000305175781,54000
2024-09-10,70.5999984741211,70.9000015258789,70.0,70.0,106001
2024-09-11,69.69999694824219,70.0999984741211,69.5,70.0999984741211,94000
2024-09-12,70.19999694824219,71.0,70.19999694824219,71.0,47187
2024-09-13,70.5,71.0999984741211,70.5,70.69999694824219,26136
2024-09-16,71.0,71.0,70.69999694824219,71.0,33025
2024-09-18,70.80000305175781,71.0,70.4000015258789,70.5,54025
2024-09-19,70.30000305175781,71.0,69.9000015258789,71.0,112590
2024-09-20,71.0,71.5999984741211,71.0,71.19999694824219,37035
2024-09-23,70.80000305175781,71.80000305175781,70.80000305175781,71.4000015258789,90502
2024-09-24,71.30000305175781,71.30000305175781,70.4000015258789,70.69999694824219,103908
2024-09-25,71.4000015258789,71.5,70.80000305175781,71.0,26001
2024-09-26,71.19999694824219,71.5,70.9000015258789,71.30000305175781,16072
2024-09-27,71.5999984741211,71.5999984741211,71.0999984741211,71.4000015258789,32012
2024-09-30,71.4000015258789,71.5,71.0,71.4000015258789,23076
2024-10-01,71.0,71.30000305175781,70.9000015258789,71.0999984741211,25085
2024-10-04,70.5999984741211,71.5,70.5999984741211,71.5,47001
2024-10-07,71.5,71.9000015258789,71.4000015258789,71.5,21000
2024-10-08,71.5,71.69999694824219,71.0,71.19999694824219,22871
2024-10-09,71.30000305175781,71.30000305175781,70.5999984741211,70.5999984741211,19001
2024-10-11,70.5999984741211,70.5999984741211,70.0999984741211,70.0999984741211,76001
2024-10-14,70.0999984741211,70.4000015258789,70.0,70.4000015258789,44812
2024-10-15,70.30000305175781,71.5,70.30000305175781,70.4000015258789,10000
2024-10-16,70.9000015258789,70.9000015258789,70.30000305175781,70.69999694824219,59313
2024-10-17,70.19999694824219,70.5999984741211,70.0999984741211,70.4000015258789,29014
2024-10-18,70.5,70.9000015258789,70.30000305175781,70.5,21000
2024-10-21,70.9000015258789,70.9000015258789,70.30000305175781,70.80000305175781,48131
2024-10-22,71.0,71.5999984741211,71.0,71.5,77005
2024-10-23,71.69999694824219,71.69999694824219,71.0999984741211,71.30000305175781,12010
2024-10-24,71.4000015258789,72.0999984741211,71.4000015258789,71.69999694824219,66000
2024-10-25,71.5,72.0999984741211,71.4000015258789,71.5999984741211,49141
2024-10-28,71.19999694824219,71.5999984741211,70.80000305175781,70.9000015258789,40401
2024-10-29,70.9000015258789,71.0,70.5,70.9000015258789,40000
2024-10-30,70.9000015258789,71.0,70.5,70.9000015258789,22001
2024-11-01,71.0,71.0,70.5999984741211,70.9000015258789,14800
2024-11-04,70.9000015258789,71.19999694824219,70.5999984741211,70.9000015258789,67001
2024-11-05,70.9000015258789,71.5,70.5,70.69999694824219,26500
2024-11-06,71.4000015258789,71.4000015258789,70.80000305175781,70.80000305175781,3000
2024-11-07,70.69999694824219,71.9000015258789,70.5999984741211,71.0,60000
2024-11-08,71.0,71.30000305175781,70.9000015258789,71.0999984741211,37008
2024-11-11,70.5,71.0999984741211,70.5,71.0999984741211,7720
2024-11-12,70.9000015258789,71.4000015258789,70.5,70.5,41427
2024-11-13,70.80000305175781,71.5999984741211,70.69999694824219,70.80000305175781,30001
2024-11-14,70.5999984741211,71.0999984741211,70.4000015258789,70.5,49024
2024-11-15,70.19999694824219,70.9000015258789,70.0,70.5,54050
2024-11-18,70.30000305175781,71.19999694824219,70.30000305175781,70.5999984741211,19118
2024-11-19,70.4000015258789,71.30000305175781,70.4000015258789,70.5,54020
2024-11-20,71.5,71.5,71.5,71.5,86463
2024-11-21,70.80000305175781,71.30000305175781,70.80000305175781,70.9000015258789,15500
2024-11-22,70.9000015258789,71.4000015258789,70.69999694824219,71.0,22790
2024-11-25,71.0,71.5,71.0,71.30000305175781,22500
2024-11-26,71.30000305175781,71.30000305175781,70.9000015258789,70.9000015258789,18169
2024-11-27,70.69999694824219,70.9000015258789,70.30000305175781,70.30000305175781,40199
2024-11-28,70.30000305175781,70.5,70.30000305175781,70.30000305175781,26035
2024-11-29,70.0,70.69999694824219,70.0,70.30000305175781,12518
2024-12-02,70.5999984741211,70.5999984741211,70.30000305175781,70.5,20500
2024-12-03,70.5,70.9000015258789,70.30000305175781,70.5,47002
2024-12-04,70.19999694824219,71.0999984741211,70.19999694824219,70.30000305175781,25048
2024-12-05,70.30000305175781,70.9000015258789,70.30000305175781,70.4000015258789,21144
2024-12-06,70.4000015258789,70.9000015258789,70.0999984741211,70.0999984741211,46000
2024-12-09,70.0999984741211,70.30000305175781,70.0,70.0,37003
2024-12-10,70.0,70.5,70.0,70.0999984741211,18000
2024-12-11,70.0999984741211,70.19999694824219,69.9000015258789,69.9000015258789,93000
2024-12-12,70.0,70.0999984741211,69.9000015258789,69.9000015258789,30166
2024-12-13,70.0,70.0,68.80000305175781,69.9000015258789,147680
2024-12-16,70.0,70.0,69.0999984741211,69.80000305175781,79500
2024-12-17,70.0,70.0,69.5,69.80000305175781,55000
2024-12-18,70.0,70.0,69.5999984741211,70.0,65010
2024-12-19,70.0,70.0,69.30000305175781,69.9000015258789,66050
2024-12-20,69.9000015258789,70.0,69.5999984741211,69.9000015258789,63000
2024-12-23,70.0,70.0999984741211,69.80000305175781,70.0,66143
2024-12-24,70.0,70.0,69.80000305175781,70.0,83001
2024-12-25,70.0,70.0999984741211,69.80000305175781,69.9000015258789,68035
2024-12-26,70.0,70.0,69.9000015258789,70.0,85035
2024-12-27,70.0,70.0999984741211,69.80000305175781,70.0,107002
2024-12-30,70.0,70.0,69.80000305175781,70.0,67401
2024-12-31,69.9000015258789,70.0,69.5999984741211,70.0,45000
2025-01-02,70.0,70.0,69.80000305175781,70.0,31001
2025-01-03,70.0999984741211,70.0999984741211,69.9000015258789,70.0,22000
2025-01-06,70.0999984741211,70.0999984741211,69.80000305175781,70.0,30020
2025-01-07,69.80000305175781,70.0,69.5999984741211,69.9000015258789,53001
2025-01-08,69.69999694824219,70.0999984741211,69.5999984741211,70.0999984741211,21000
2025-01-09,70.19999694824219,70.30000305175781,69.69999694824219,69.69999694824219,25000
2025-01-10,69.5,69.5,69.19999694824219,69.19999694824219,37000
2025-01-13,68.9000015258789,68.9000015258789,67.5,68.0,86001
2025-01-14,68.19999694824219,68.19999694824219,67.69999694824219,68.0,32002
2025-01-15,67.5,67.80000305175781,67.4000015258789,67.5,49000
2025-01-16,67.80000305175781,68.30000305175781,67.5999984741211,67.5999984741211,45000
2025-01-17,67.69999694824219,67.69999694824219,67.19999694824219,67.19999694824219,63001
2025-01-20,67.19999694824219,67.19999694824219,66.0,66.80000305175781,221000
2025-01-21,66.9000015258789,66.9000015258789,66.5999984741211,66.9000015258789,57218
2025-01-22,67.19999694824219,67.19999694824219,66.69999694824219,67.0,80140
2025-02-03,67.0,67.0,66.69999694824219,66.9000015258789,81001
2025-02-04,67.4000015258789,69.5999984741211,67.4000015258789,67.9000015258789,117139
2025-02-05,68.30000305175781,68.80000305175781,68.30000305175781,68.5,66004
2025-02-06,68.9000015258789,70.19999694824219,68.9000015258789,70.19999694824219,119122
2025-02-07,70.0999984741211,70.0999984741211,69.5,69.69999694824219,64000
2025-02-10,69.5,70.19999694824219,69.4000015258789,70.19999694824219,77065
2025-02-11,70.19999694824219,70.5,70.19999694824219,70.4000015258789,63383
2025-02-12,70.4000015258789,70.5999984741211,70.19999694824219,70.19999694824219,40000
2025-02-13,70.19999694824219,70.19999694824219,69.80000305175781,69.9000015258789,17020
2025-02-14,69.9000015258789,69.9000015258789,69.5,69.5999984741211,16001
2025-02-17,69.69999694824219,70.0999984741211,69.4000015258789,69.69999694824219,19433
2025-02-18,69.80000305175781,70.0999984741211,69.80000305175781,70.0999984741211,5063
2025-02-19,70.0,70.19999694824219,70.0,70.19999694824219,53004
2025-02-20,70.19999694824219,70.19999694824219,69.5,69.80000305175781,74000
2025-02-21,70.19999694824219,70.80000305175781,70.0999984741211,70.80000305175781,74001
2025-02-24,70.30000305175781,70.80000305175781,70.0,70.0999984741211,23001
2025-02-25,69.5999984741211,70.30000305175781,69.5,70.0,13518
2025-02-26,70.19999694824219,70.5999984741211,69.80000305175781,70.0999984741211,33000
2025-02-27,70.19999694824219,70.30000305175781,69.80000305175781,70.0999984741211,18000
2025-03-03,70.19999694824219,70.4000015258789,70.0999984741211,70.19999694824219,16000
2025-03-04,70.19999694824219,70.30000305175781,69.5999984741211,70.19999694824219,30000
2025-03-05,70.0,70.19999694824219,69.80000305175781,69.9000015258789,38000
2025-03-06,69.9000015258789,70.4000015258789,69.9000015258789,70.19999694824219,38120
2025-03-07,70.30000305175781,70.80000305175781,70.0,70.30000305175781,76050
2025-03-10,70.0,70.0999984741211,69.80000305175781,69.9000015258789,26000
2025-03-11,69.5999984741211,69.5999984741211,67.5999984741211,68.80000305175781,103113
2025-03-12,68.9000015258789,69.4000015258789,68.5,68.80000305175781,31020
2025-03-13,69.5,69.5999984741211,68.9000015258789,68.9000015258789,14050
2025-03-14,68.69999694824219,69.5,68.69999694824219,69.5,22000
2025-03-17,69.5,69.69999694824219,69.0,69.30000305175781,24540
2025-03-18,69.9000015258789,69.9000015258789,69.30000305175781,69.30000305175781,11550
2025-03-19,68.80000305175781,69.4000015258789,68.69999694824219,68.80000305175781,39000
2025-03-20,69.19999694824219,69.5999984741211,69.19999694824219,69.5999984741211,25000
2025-03-21,69.4000015258789,69.5999984741211,69.0999984741211,69.0999984741211,16000
2025-03-24,69.5,69.5,68.69999694824219,69.0,18000
2025-03-25,69.5,69.5,68.30000305175781,69.0,47016
2025-03-26,69.0,69.30000305175781,68.5999984741211,69.0,10000
2025-03-27,69.0,69.19999694824219,68.5,69.0999984741211,24000
2025-03-28,68.4000015258789,68.5999984741211,67.80000305175781,67.80000305175781,96100
2025-03-31,66.19999694824219,67.0,66.19999694824219,66.9000015258789,99053
2025-04-01,67.30000305175781,67.69999694824219,67.30000305175781,67.30000305175781,36456
2025-04-02,67.30000305175781,68.0999984741211,67.30000305175781,67.69999694824219,22000
2025-04-07,61.0,61.0,61.0,61.0,46000
2025-04-08,59.0,59.900001525878906,55.5,57.29999923706055,272000
2025-04-09,57.79999923706055,58.5,54.900001525878906,55.0,152249
2025-04-10,59.0,60.5,59.0,59.79999923706055,336250
2025-04-11,58.400001525878906,59.0,53.900001525878906,57.0,391012
2025-04-14,58.70000076293945,59.400001525878906,56.5,56.900001525878906,269017
2025-04-15,57.20000076293945,59.599998474121094,57.20000076293945,59.20000076293945,134002
2025-04-16,59.599998474121094,60.20000076293945,59.099998474121094,59.099998474121094,91002
2025-04-17,59.5,60.0,59.5,59.79999923706055,65401
2025-04-18,60.400001525878906,60.70000076293945,59.79999923706055,59.900001525878906,70002
2025-04-21,60.20000076293945,60.29999923706055,59.0,59.400001525878906,75030
2025-04-22,59.79999923706055,60.0,59.20000076293945,59.5,84000
2025-04-23,60.0,60.400001525878906,59.400001525878906,59.900001525878906,120000
2025-04-24,60.0,60.20000076293945,59.599998474121094,60.20000076293945,74003
2025-04-25,60.599998474121094,61.29999923706055,60.599998474121094,61.0,65005
2025-04-28,61.099998474121094,61.400001525878906,60.70000076293945,61.099998474121094,39052
2025-04-29,61.20000076293945,61.29999923706055,60.79999923706055,60.79999923706055,103050
2025-04-30,61.0,61.0,59.900001525878906,60.20000076293945,134005
2025-05-02,60.29999923706055,60.29999923706055,59.79999923706055,60.29999923706055,138025
2025-05-05,60.29999923706055,60.29999923706055,59.400001525878906,59.70000076293945,92050
2025-05-06,60.099998474121094,61.0,59.70000076293945,60.599998474121094,190100
2025-05-07,60.599998474121094,60.599998474121094,59.900001525878906,60.5,124017
2025-05-08,60.599998474121094,61.0,60.20000076293945,61.0,54005
2025-05-09,60.900001525878906,61.5,60.79999923706055,61.5,28361
2025-05-12,61.70000076293945,63.29999923706055,61.5,63.29999923706055,119016
2025-05-13,63.599998474121094,64.30000305175781,63.599998474121094,64.0,75005
2025-05-14,64.0,64.5999984741211,63.5,64.4000015258789,45007
2025-05-15,64.30000305175781,64.30000305175781,63.70000076293945,63.70000076293945,44006
2025-05-16,63.70000076293945,65.19999694824219,63.70000076293945,64.80000305175781,127100
2025-05-19,64.4000015258789,64.5999984741211,64.0,64.5999984741211,36000
2025-05-20,64.5999984741211,64.5999984741211,64.19999694824219,64.5999984741211,35031
2025-05-21,64.69999694824219,64.80000305175781,64.4000015258789,64.80000305175781,26000
2025-05-22,64.80000305175781,64.80000305175781,64.0999984741211,64.5,30000
2025-05-23,64.30000305175781,64.9000015258789,64.30000305175781,64.80000305175781,44015
2025-05-26,64.30000305175781,65.5,64.19999694824219,65.5,44006
2025-05-27,65.0,65.0,64.0999984741211,64.0999984741211,58000
2025-05-28,64.0,64.5,63.79999923706055,64.30000305175781,20000
2025-05-29,64.5,64.5,64.0999984741211,64.0999984741211,34006
2025-06-02,63.599998474121094,64.0999984741211,63.099998474121094,64.0999984741211,102015
2025-06-03,64.5999984741211,64.5999984741211,63.29999923706055,63.599998474121094,47001
2025-06-04,63.599998474121094,65.4000015258789,63.599998474121094,65.0999984741211,283035
2025-06-05,65.0999984741211,65.80000305175781,65.0,65.69999694824219,85005
2025-06-06,65.69999694824219,66.30000305175781,65.69999694824219,66.30000305175781,73006
2025-06-09,66.80000305175781,67.30000305175781,66.0999984741211,66.30000305175781,100000
2025-06-10,66.19999694824219,66.19999694824219,64.5999984741211,65.80000305175781,51006
2025-06-11,66.69999694824219,66.69999694824219,65.30000305175781,65.5,54053
2025-06-12,65.4000015258789,65.69999694824219,65.4000015258789,65.5999984741211,42000
2025-06-13,66.0999984741211,66.0999984741211,64.80000305175781,65.5999984741211,100020
2025-06-16,65.19999694824219,65.19999694824219,64.0999984741211,64.9000015258789,115048
2025-06-17,65.0999984741211,65.30000305175781,64.5999984741211,64.9000015258789,267040
2025-06-18,61.20000076293945,61.20000076293945,60.099998474121094,61.0,243031
2025-06-19,60.599998474121094,60.599998474121094,60.0,60.099998474121094,70001
2025-06-20,60.0,60.099998474121094,59.099998474121094,59.400001525878906,83824
2025-06-23,59.599998474121094,60.0,59.20000076293945,60.0,64020
2025-06-24,60.29999923706055,61.400001525878906,60.29999923706055,61.20000076293945,78011
2025-06-25,61.0,61.20000076293945,60.5,60.70000076293945,32000
2025-06-26,60.400001525878906,60.70000076293945,60.099998474121094,60.099998474121094,74012
2025-06-27,60.099998474121094,60.20000076293945,59.599998474121094,59.70000076293945,99004
2025-06-30,59.900001525878906,59.900001525878906,59.099998474121094,59.70000076293945,98001
2025-07-01,59.900001525878906,60.099998474121094,59.400001525878906,59.70000076293945,113000
2025-07-02,60.0,60.099998474121094,59.79999923706055,59.900001525878906,39002
2025-07-03,59.900001525878906,60.599998474121094,59.70000076293945,60.599998474121094,43003
2025-07-04,60.099998474121094,60.099998474121094,59.70000076293945,59.900001525878906,23000
2025-07-07,59.79999923706055,59.79999923706055,59.29999923706055,59.599998474121094,12050
2025-07-08,59.70000076293945,59.70000076293945,58.20000076293945,58.599998474121094,47001
2025-07-09,58.599998474121094,59.099998474121094,58.29999923706055,59.099998474121094,20220
2025-07-10,58.900001525878906,58.900001525878906,58.5,58.599998474121094,38031
2025-07-11,58.599998474121094,58.79999923706055,58.5,58.599998474121094,43101
2025-07-14,58.79999923706055,58.79999923706055,57.599998474121094,57.599998474121094,84600
2025-07-15,57.5,57.599998474121094,56.29999923706055,56.70000076293945,154001
2025-07-16,58.70000076293945,60.70000076293945,58.400001525878906,58.79999923706055,336052
2025-07-17,59.099998474121094,60.599998474121094,59.099998474121094,59.70000076293945,123061
2025-07-18,59.900001525878906,60.400001525878906,59.70000076293945,59.79999923706055,59250
2025-07-21,59.70000076293945,60.400001525878906,59.599998474121094,60.0,33000
2025-07-22,60.0,60.29999923706055,59.20000076293945,59.70000076293945,109200
2025-07-23,59.5,60.099998474121094,59.5,60.0,32000
2025-07-24,60.0,60.0,59.599998474121094,59.79999923706055,32001
2025-07-25,59.70000076293945,59.79999923706055,59.599998474121094,59.79999923706055,9013
2025-07-28,59.900001525878906,60.0,59.599998474121094,59.70000076293945,30000
2025-07-29,59.900001525878906,59.900001525878906,59.20000076293945,59.29999923706055,82050
2025-07-30,59.5,59.5,59.20000076293945,59.400001525878906,41000
2025-07-31,59.400001525878906,59.900001525878906,59.400001525878906,59.900001525878906,44948
2025-08-04,59.5,61.099998474121094,59.5,61.0,104001
2025-08-05,60.70000076293945,61.5,60.70000076293945,61.0,46006
2025-08-06,61.0,61.29999923706055,60.70000076293945,61.0,27000
2025-08-07,61.099998474121094,61.099998474121094,60.599998474121094,60.79999923706055,31028
2025-08-08,60.599998474121094,61.29999923706055,60.599998474121094,61.099998474121094,24000
2025-08-11,61.29999923706055,63.20000076293945,61.29999923706055,62.29999923706055,129080
2025-08-12,61.79999923706055,62.400001525878906,61.70000076293945,62.400001525878906,32001
2025-08-13,62.79999923706055,62.900001525878906,62.20000076293945,62.79999923706055,70020
2025-08-14,63.29999923706055,65.0,63.29999923706055,65.0,208228
2025-08-15,64.80000305175781,65.0,64.0999984741211,64.5999984741211,98030
2025-08-18,64.5999984741211,65.0999984741211,64.0999984741211,64.19999694824219,66079
2025-08-19,64.0999984741211,64.19999694824219,63.5,63.79999923706055,48001
2025-08-20,63.20000076293945,63.29999923706055,62.20000076293945,62.70000076293945,92000
2025-08-21,62.70000076293945,63.20000076293945,62.70000076293945,63.099998474121094,12160
2025-08-22,63.0,63.29999923706055,62.900001525878906,63.099998474121094,20196
2025-08-25,63.5,63.900001525878906,63.29999923706055,63.599998474121094,39297
2025-08-26,63.29999923706055,63.70000076293945,63.20000076293945,63.29999923706055,28005
2025-08-27,63.29999923706055,63.900001525878906,63.29999923706055,63.599998474121094,64041
2025-08-28,63.79999923706055,64.19999694824219,63.599998474121094,64.0,85037
2025-08-29,64.30000305175781,64.5,64.0,64.30000305175781,37000
2025-09-01,64.5,64.69999694824219,63.5,63.79999923706055,71000
2025-09-02,63.79999923706055,63.79999923706055,63.29999923706055,63.400001525878906,30004
2025-09-03,63.70000076293945,63.79999923706055,63.0,63.599998474121094,64000
2025-09-04,63.599998474121094,64.5,63.599998474121094,64.5,93000
2025-09-05,64.5,64.9000015258789,64.19999694824219,64.4000015258789,36000
2025-09-08,64.4000015258789,64.4000015258789,64.0,64.19999694824219,35027
2025-09-09,64.4000015258789,64.4000015258789,63.70000076293945,63.900001525878906,38000
2025-09-10,63.70000076293945,63.79999923706055,63.099998474121094,63.20000076293945,112150
2025-09-11,63.099998474121094,64.0,62.599998474121094,64.0,66265
2025-09-12,64.0,64.30000305175781,63.599998474121094,63.70000076293945,47521
2025-09-15,63.70000076293945,63.70000076293945,63.099998474121094,63.20000076293945,15032
2025-09-16,63.29999923706055,64.19999694824219,62.900001525878906,63.70000076293945,29500
2025-09-17,64.0,64.0,63.29999923706055,63.599998474121094,18002
2025-09-18,64.0,64.0,63.599998474121094,64.0,37110
2025-09-19,64.5999984741211,64.5999984741211,63.79999923706055,64.19999694824219,9500
2025-09-22,63.79999923706055,64.19999694824219,63.79999923706055,63.900001525878906,41000
2025-09-23,64.0999984741211,64.0999984741211,63.400001525878906,63.79999923706055,26000
2025-09-24,63.599998474121094,63.70000076293945,63.29999923706055,63.70000076293945,29012
2025-09-25,63.900001525878906,64.0,63.599998474121094,63.900001525878906,38001
2025-09-26,63.70000076293945,63.70000076293945,63.099998474121094,63.400001525878906,37024
2025-09-30,63.5,63.900001525878906,63.5,63.5,11000
2025-10-01,64.4000015258789,65.0,63.5,64.0,62772
2025-10-02,64.0,64.0,63.70000076293945,63.70000076293945,21000
2025-10-03,63.5,63.900001525878906,63.400001525878906,63.5,71862
2025-10-07,63.29999923706055,63.70000076293945,63.20000076293945,63.400001525878906,48182
2025-10-08,63.599998474121094,63.599998474121094,63.099998474121094,63.29999923706055,37072
2025-10-09,63.29999923706055,63.70000076293945,63.0,63.29999923706055,31973
2025-10-13,63.0,63.0,61.900001525878906,62.599998474121094,105705
2025-10-14,62.70000076293945,63.20000076293945,62.400001525878906,62.5,82472
2025-10-15,62.79999923706055,63.0,62.5,62.5,26000
2025-10-16,64.19999694824219,64.69999694824219,63.900001525878906,63.900001525878906,295341
2025-10-17,64.30000305175781,64.80000305175781,64.0,64.0,115005
2025-10-20,64.30000305175781,64.5,64.0999984741211,64.19999694824219,62005
2025-10-21,64.30000305175781,64.4000015258789,64.0,64.0999984741211,72427
2025-10-22,64.4000015258789,64.4000015258789,64.0999984741211,64.30000305175781,70128
2025-10-23,64.30000305175781,64.80000305175781,64.0,64.30000305175781,301000
2025-10-27,64.80000305175781,64.9000015258789,64.5,64.80000305175781,72030
2025-10-28,65.19999694824219,65.5,64.80000305175781,65.4000015258789,72040
2025-10-29,64.0,65.0999984741211,64.0,65.0,201025
2025-10-30,65.0,65.0,64.5,65.0,23010
2025-10-31,65.30000305175781,65.30000305175781,64.4000015258789,64.5999984741211,40005
2025-11-03,65.19999694824219,65.5999984741211,64.5999984741211,65.5999984741211,100400
2025-11-04,66.0999984741211,66.30000305175781,65.69999694824219,66.19999694824219,86177
2025-11-05,66.0999984741211,66.0999984741211,65.30000305175781,65.69999694824219,31020
2025-11-06,65.9000015258789,66.0999984741211,65.5999984741211,65.80000305175781,33000
2025-11-07,65.69999694824219,65.69999694824219,65.0999984741211,65.19999694824219,42003
2025-11-10,65.19999694824219,65.30000305175781,64.80000305175781,65.0,43000
2025-11-11,65.0,65.30000305175781,64.5,65.30000305175781,105005
2025-11-12,65.30000305175781,65.5999984741211,65.0,65.5999984741211,65066
2025-11-13,65.5999984741211,66.5999984741211,65.5999984741211,66.30000305175781,109055
2025-11-14,66.0,66.9000015258789,65.80000305175781,66.5999984741211,92110
2025-11-17,66.69999694824219,68.0,66.4000015258789,66.69999694824219,267009
2025-11-18,66.19999694824219,66.4000015258789,65.4000015258789,65.5999984741211,53005
2025-11-19,65.5999984741211,66.30000305175781,65.5,66.19999694824219,48036
2025-11-20,66.5999984741211,66.9000015258789,65.80000305175781,66.0999984741211,39006
2025-11-21,65.80000305175781,65.9000015258789,65.5,65.69999694824219,37012
2025-11-24,65.5,66.4000015258789,65.0999984741211,66.4000015258789,80001
2025-11-25,66.4000015258789,66.69999694824219,66.0,66.5,40031
2025-11-26,66.5999984741211,67.0,66.19999694824219,66.69999694824219,52576
2025-11-27,66.69999694824219,67.0,66.4000015258789,66.5999984741211,42087
2025-11-28,66.5999984741211,66.80000305175781,66.30000305175781,66.5999984741211,26529
2025-12-01,66.4000015258789,66.5999984741211,66.30000305175781,66.30000305175781,20141
2025-12-02,66.19999694824219,66.80000305175781,66.0999984741211,66.80000305175781,73034
2025-12-03,66.80000305175781,66.80000305175781,66.4000015258789,66.4000015258789,22052
2025-12-04,66.5999984741211,66.5999984741211,65.5999984741211,65.69999694824219,87441
2025-12-05,65.5,66.0999984741211,65.5,66.0,14000
2025-12-08,66.4000015258789,66.4000015258789,66.0,66.19999694824219,22075
2025-12-09,65.9000015258789,66.0,65.5999984741211,65.80000305175781,18696
2025-12-10,66.0999984741211,66.69999694824219,65.9000015258789,66.5999984741211,87001
2025-12-11,66.5999984741211,66.69999694824219,66.30000305175781,66.4000015258789,63000
2025-12-12,66.5,66.69999694824219,66.30000305175781,66.5999984741211,48000
2025-12-15,66.19999694824219,66.30000305175781,66.0999984741211,66.19999694824219,15030
2025-12-16,65.80000305175781,65.80000305175781,64.5,65.19999694824219,81301
2025-12-17,66.0,66.0,64.80000305175781,64.9000015258789,45078
2025-12-18,64.80000305175781,65.0,64.80000305175781,64.9000015258789,15000
2025-12-19,65.0,65.19999694824219,65.0,65.19999694824219,14000
2025-12-22,65.5999984741211,65.80000305175781,65.30000305175781,65.69999694824219,39012
2025-12-23,65.69999694824219,66.5999984741211,65.5999984741211,65.5999984741211,22000
2025-12-24,65.5999984741211,65.5999984741211,65.0999984741211,65.0999984741211,32000
2025-12-26,65.0999984741211,65.19999694824219,65.0999984741211,65.0999984741211,21190
2025-12-29,65.0,65.5,65.0,65.19999694824219,521000
2025-12-30,65.0,66.0,65.0,65.69999694824219,42000
2025-12-31,66.0,66.5,66.0,66.0999984741211,39001
2026-01-02,65.69999694824219,66.5,65.69999694824219,66.19999694824219,46751
2026-01-05,66.0,66.4000015258789,65.80000305175781,66.19999694824219,40250
2026-01-06,66.19999694824219,66.5,66.0999984741211,66.19999694824219,77020
2026-01-07,66.5999984741211,66.5999984741211,66.0999984741211,66.0999984741211,34335
2026-01-08,65.9000015258789,66.0999984741211,65.69999694824219,66.0999984741211,40000
2026-01-09,66.0,66.0,65.5999984741211,66.0,28000
2026-01-12,66.4000015258789,66.5999984741211,66.30000305175781,66.5999984741211,78413
2026-01-13,66.69999694824219,67.5,66.5999984741211,67.5,106824
2026-01-14,67.5,67.80000305175781,67.0,67.69999694824219,94080
2026-01-15,67.69999694824219,67.9000015258789,67.4000015258789,67.9000015258789,71029
2026-01-16,67.9000015258789,68.0,67.5,67.80000305175781,63000
2026-01-19,67.5999984741211,67.9000015258789,67.5,67.80000305175781,50001
2026-01-20,67.5,68.0,67.5,67.80000305175781,70000
2026-01-21,67.5,67.69999694824219,67.0,67.4000015258789,70001
2026-01-22,67.5,68.5,67.4000015258789,68.4000015258789,169021
2026-01-23,69.0,69.0,67.69999694824219,68.4000015258789,64600
2026-01-26,68.5,68.5,67.5,67.5999984741211,47000
2026-01-27,67.5,67.80000305175781,67.30000305175781,67.80000305175781,54000
2026-01-28,67.80000305175781,68.0,67.30000305175781,67.69999694824219,47000
2026-01-29,67.80000305175781,67.9000015258789,67.4000015258789,67.69999694824219,44050
2026-01-30,67.0,67.0,65.80000305175781,66.5,144402
2026-02-02,66.5,66.5,65.5999984741211,65.80000305175781,87000
2026-02-03,65.9000015258789,66.19999694824219,65.69999694824219,65.69999694824219,79000
2026-02-04,65.69999694824219,66.5999984741211,65.69999694824219,66.19999694824219,17008
2026-02-05,65.80000305175781,66.0,65.69999694824219,65.80000305175781,47005
2026-02-06,65.5,65.5,64.80000305175781,65.0999984741211,43009
2026-02-09,65.4000015258789,65.9000015258789,65.19999694824219,65.30000305175781,26008
2026-02-10,66.30000305175781,66.30000305175781,65.5,66.0,48000
2026-02-11,66.0,66.30000305175781,65.0,66.0,90006
2026-02-23,65.9000015258789,67.5,65.0999984741211,67.4000015258789,170518
2026-02-24,67.9000015258789,67.9000015258789,67.19999694824219,67.80000305175781,126800
2026-02-25,67.0999984741211,67.4000015258789,66.80000305175781,67.19999694824219,85100
2026-02-26,67.0999984741211,67.4000015258789,66.69999694824219,67.4000015258789,64036
2026-03-02,67.4000015258789,67.4000015258789,67.0,67.30000305175781,37200
2026-03-03,67.0,67.80000305175781,66.80000305175781,67.19999694824219,66020
2026-03-04,66.30000305175781,66.4000015258789,65.4000015258789,65.5,155000
2026-03-05,66.0,66.4000015258789,65.9000015258789,66.0999984741211,51062
2026-03-06,65.69999694824219,66.0,65.69999694824219,66.0,20372
2026-03-09,65.0,65.0999984741211,63.79999923706055,64.30000305175781,110001
2026-03-10,64.69999694824219,65.9000015258789,64.69999694824219,65.0,78001
2026-03-11,65.5999984741211,66.0,65.5999984741211,65.9000015258789,51030
2026-03-12,66.30000305175781,66.30000305175781,64.9000015258789,65.5,132000
2026-03-13,65.30000305175781,65.69999694824219,64.80000305175781,65.4000015258789,58000
2026-03-16,65.5,66.30000305175781,65.4000015258789,65.9000015258789,69788
2026-03-17,66.5,66.5,65.9000015258789,66.30000305175781,74016
2026-03-18,66.5,67.0,66.5,66.5999984741211,70344
2026-03-19,66.0,66.30000305175781,65.5999984741211,65.69999694824219,113001
2026-03-20,65.69999694824219,65.9000015258789,65.5,65.5999984741211,29001
2026-03-23,64.80000305175781,66.0999984741211,64.4000015258789,65.30000305175781,57052
2026-03-24,65.5,65.5,65.0,65.4000015258789,30069
2026-03-25,65.80000305175781,65.80000305175781,65.4000015258789,65.69999694824219,47052
2026-03-26,66.0,66.0,65.5999984741211,65.80000305175781,18000
2026-03-27,65.19999694824219,65.69999694824219,65.0,65.30000305175781,50800
2026-03-30,65.0,65.4000015258789,64.69999694824219,65.0999984741211,33001
2026-03-31,65.30000305175781,65.4000015258789,64.80000305175781,65.0,59000
2026-04-01,65.0,65.5999984741211,65.0,65.0999984741211,78077
2026-04-02,65.0999984741211,65.0999984741211,64.80000305175781,64.80000305175781,45002
2026-04-07,64.69999694824219,65.5,64.69999694824219,64.9000015258789,39201
2026-04-08,64.9000015258789,65.5999984741211,64.9000015258789,65.5999984741211,55005
2026-04-09,65.9000015258789,65.9000015258789,65.5999984741211,65.5999984741211,27010
2026-04-10,65.69999694824219,66.19999694824219,65.69999694824219,66.0999984741211,86001
2026-04-13,66.0999984741211,66.4000015258789,65.80000305175781,66.0999984741211,75836
2026-04-14,66.0,66.4000015258789,65.9000015258789,66.19999694824219,87505
2026-04-15,65.9000015258789,66.4000015258789,65.9000015258789,66.30000305175781,57048
2026-04-16,66.0,66.4000015258789,65.9000015258789,66.0,83093
2026-04-17,66.0,66.19999694824219,65.80000305175781,66.19999694824219,76605
2026-04-20,67.0999984741211,69.0,67.0999984741211,68.4000015258789,378050
2026-04-21,68.0999984741211,68.69999694824219,67.69999694824219,68.30000305175781,266319
2026-04-22,67.9000015258789,68.5,67.69999694824219,67.69999694824219,254402
2026-04-23,67.80000305175781,68.19999694824219,66.19999694824219,66.19999694824219,272010
2026-04-24,66.30000305175781,68.0999984741211,66.30000305175781,68.0,258040
2026-04-27,67.0999984741211,67.5999984741211,66.4000015258789,66.80000305175781,174000
2026-04-28,66.80000305175781,67.5999984741211,66.5,67.5999984741211,79120
2026-04-29,66.5999984741211,67.5999984741211,66.5999984741211,67.0,141500
2026-04-30,66.69999694824219,67.0999984741211,66.69999694824219,66.69999694824219,145716
2026-05-04,66.9000015258789,67.19999694824219,66.19999694824219,66.69999694824219,131400
2026-05-05,66.30000305175781,67.30000305175781,66.30000305175781,66.80000305175781,116000
2026-05-06,66.80000305175781,67.19999694824219,66.30000305175781,66.69999694824219,202957
2026-05-07,66.69999694824219,67.30000305175781,66.5999984741211,66.5999984741211,213400
2026-05-08,66.4000015258789,67.0999984741211,66.4000015258789,66.69999694824219,107002
2026-05-11,66.19999694824219,66.9000015258789,66.19999694824219,66.69999694824219,161055
2026-05-12,66.4000015258789,66.69999694824219,66.4000015258789,66.5,113072
2026-05-13,66.0,66.0,64.69999694824219,65.5999984741211,171290
2026-05-14,65.80000305175781,66.5999984741211,65.80000305175781,65.80000305175781,132100
2026-05-15,65.80000305175781,66.30000305175781,65.80000305175781,65.80000305175781,146050
2026-05-18,65.69999694824219,66.30000305175781,65.19999694824219,66.19999694824219,135006
2026-05-19,66.0,66.69999694824219,66.0,66.0999984741211,126928
2026-05-20,66.0999984741211,66.19999694824219,65.80000305175781,65.9000015258789,164000
2026-05-21,66.0,66.5999984741211,66.0,66.5999984741211,219000
2026-05-22,66.4000015258789,67.19999694824219,66.4000015258789,67.0999984741211,195547
2026-05-25,67.0,67.0,65.9000015258789,66.4000015258789,391120
2026-05-26,66.0999984741211,67.30000305175781,66.0999984741211,67.0,333501
2026-05-27,66.5,67.4000015258789,66.5,67.0,298001
2026-05-28,67.0,67.30000305175781,66.30000305175781,66.69999694824219,345100
2026-05-29,67.0,67.4000015258789,66.9000015258789,67.0999984741211,259000
2026-06-01,67.5,67.5,66.80000305175781,67.30000305175781,322012
2026-06-02,67.0,70.9000015258789,67.0,70.9000015258789,912480
2026-06-03,71.4000015258789,72.0,70.30000305175781,70.69999694824219,410100
2026-06-04,70.0,70.0,69.0,70.0,209043
2026-06-05,69.5,70.0,68.9000015258789,69.30000305175781,190500
2026-06-08,68.4000015258789,68.4000015258789,66.5999984741211,67.9000015258789,291150
2026-06-09,68.0,68.80000305175781,67.4000015258789,68.69999694824219,247002
2026-06-10,68.0,70.0,68.0,69.0999984741211,257012
2026-06-11,68.5,69.5999984741211,68.0,68.30000305175781,288000
2026-06-12,68.5,69.19999694824219,68.4000015258789,69.0,318000
2026-06-15,68.9000015258789,69.19999694824219,68.5,68.5999984741211,625010
2026-06-16,65.0,65.5,64.5999984741211,65.0999984741211,371030
2026-06-17,65.0999984741211,65.5999984741211,64.69999694824219,64.69999694824219,231000
2026-06-18,65.0,65.0999984741211,64.30000305175781,64.4000015258789,212733
2026-06-22,64.5,65.0,63.79999923706055,65.0,231001
2026-06-23,64.80000305175781,64.80000305175781,64.0999984741211,64.0999984741211,122057
2026-06-24,63.5,64.19999694824219,63.400001525878906,64.0,69193
2026-06-25,64.30000305175781,64.4000015258789,63.5,64.0,136055
2026-06-26,63.79999923706055,63.79999923706055,63.099998474121094,63.29999923706055,94000
2026-06-29,63.599998474121094,64.0999984741211,63.5,63.5,41752
2026-06-30,63.599998474121094,64.19999694824219,63.20000076293945,64.19999694824219,190000
2026-07-01,64.0,64.4000015258789,63.79999923706055,64.19999694824219,75551
2026-07-02,63.900001525878906,64.19999694824219,63.79999923706055,64.0,54000
2026-07-03,64.0,64.5,63.79999923706055,64.30000305175781,43000
2026-07-06,64.5,65.0,64.0999984741211,64.0999984741211,63000
2026-07-07,64.19999694824219,64.19999694824219,63.5,63.5,97100
2026-07-08,63.5,63.70000076293945,63.099998474121094,63.29999923706055,110024
2026-07-09,63.599998474121094,63.79999923706055,63.400001525878906,63.70000076293945,45003
2026-07-10,63.70000076293945,63.70000076293945,63.70000076293945,63.70000076293945,0
2026-07-13,63.70000076293945,64.5999984741211,63.70000076293945,64.5,145078
2026-07-14,64.80000305175781,64.80000305175781,63.599998474121094,64.0,125528
2026-07-15,64.4000015258789,64.5999984741211,64.0999984741211,64.4000015258789,135218
2026-07-16,65.80000305175781,67.9000015258789,65.69999694824219,67.19999694824219,785048
2026-07-17,66.0,67.0,65.19999694824219,65.30000305175781,350015
2026-07-20,65.4000015258789,65.5,64.69999694824219,65.0999984741211,119001
2026-07-21,65.30000305175781,65.80000305175781,65.19999694824219,65.5,73518
2026-07-22,65.69999694824219,66.0,65.0999984741211,65.0999984741211,97120
2026-07-23,65.69999694824219,65.69999694824219,64.5,65.5,77000
2026-07-24,65.30000305175781,65.5,65.0,65.30000305175781,64000
2026-07-27,65.30000305175781,65.4000015258789,65.0,65.0999984741211,62500
2026-07-28,64.69999694824219,65.4000015258789,64.4000015258789,65.0999984741211,178000
2026-07-29,65.19999694824219,65.4000015258789,63.599998474121094,64.4000015258789,235000
2026-07-30,64.4000015258789,64.4000015258789,63.599998474121094,63.599998474121094,76000
2026-07-31,64.5999984741211,64.80000305175781,64.4000015258789,64.5,84000
2026-08-03,64.30000305175781,64.5999984741211,63.900001525878906,64.0,95000
2026-08-04,63.70000076293945,64.0999984741211,63.599998474121094,63.900001525878906,116000
2026-08-05,64.30000305175781,64.9000015258789,64.30000305175781,64.30000305175781,98000
2026-08-06,64.30000305175781,64.69999694824219,64.0,64.5999984741211,73025
2026-08-07,64.80000305175781,65.5,64.69999694824219,65.19999694824219,139179
2026-08-10,65.80000305175781,66.69999694824219,65.80000305175781,66.0999984741211,182000
2026-08-11,66.5999984741211,66.5999984741211,65.5,65.80000305175781,54000
2026-08-12,65.9000015258789,66.30000305175781,65.5,66.19999694824219,98036
2026-08-13,66.4000015258789,66.69999694824219,65.69999694824219,66.0,91000
2026-08-14,66.0999984741211,66.0999984741211,65.4000015258789,65.80000305175781,76610
2026-08-17,66.0,66.5,65.5,66.5,122000
2026-08-18,66.5,66.5,65.9000015258789,66.4000015258789,67001
2026-08-19,66.30000305175781,67.69999694824219,66.30000305175781,67.0,166010
2026-08-20,67.5,67.5,66.9000015258789,67.0,62000
2026-08-21,67.30000305175781,67.30000305175781,66.80000305175781,67.0999984741211,71000
2026-08-24,67.4000015258789,67.69999694824219,66.69999694824219,67.19999694824219,139812
2026-08-25,67.0999984741211,67.5,66.69999694824219,66.69999694824219,60233
2026-08-26,67.4000015258789,67.5,66.5999984741211,67.30000305175781,110000
2026-08-27,67.30000305175781,67.30000305175781,66.9000015258789,67.0999984741211,57000
2026-08-28,67.19999694824219,67.19999694824219,66.80000305175781,67.0999984741211,68941
2026-08-31,67.30000305175781,67.30000305175781,66.5999984741211,66.9000015258789,29080
2026-09-01,66.80000305175781,67.0,66.19999694824219,66.69999694824219,53859
2026-09-02,66.80000305175781,67.0,66.5,66.9000015258789,62067
2026-09-03,67.0999984741211,67.0999984741211,66.30000305175781,66.30000305175781,46036
2026-09-04,66.4000015258789,67.0,66.0999984741211,66.4000015258789,51025
2026-09-07,66.80000305175781,66.80000305175781,65.5999984741211,66.4000015258789,89200
2026-09-08,66.19999694824219,66.19999694824219,65.80000305175781,66.0999984741211,77001
2026-09-09,66.0999984741211,66.30000305175781,65.80000305175781,66.0999984741211,23000
2026-09-10,65.80000305175781,65.9000015258789,65.5,65.80000305175781,54999
2026-09-11,65.30000305175781,65.69999694824219,65.19999694824219,65.5,46000
2026-09-14,65.5,65.5999984741211,65.0,65.30000305175781,46000
2026-09-15,65.4000015258789,65.5,65.0999984741211,65.30000305175781,30000
2026-09-16,65.30000305175781,65.5999984741211,65.19999694824219,65.5,28000
2026-09-17,65.5,65.69999694824219,65.30000305175781,65.5,53000
2026-09-18,65.69999694824219,65.80000305175781,65.19999694824219,65.4000015258789,68063
2026-09-21,65.80000305175781,65.80000305175781,65.30000305175781,65.5,37265
2026-09-22,65.9000015258789,65.9000015258789,65.30000305175781,65.5999984741211,39000
2026-09-23,65.5999984741211,65.80000305175781,65.30000305175781,65.4000015258789,54000
2026-09-24,65.19999694824219,65.19999694824219,65.0,65.19999694824219,66000
