date,open,high,low,close,volume
2020-01-02,11.95,11.95,11.8,11.85,96000
2020-01-03,11.9,12.05,11.85,11.95,42000
2020-01-06,12.0,12.05,11.9,11.9,54000
2020-01-07,11.9,11.9,11.65,11.9,101000
2020-01-08,11.3,11.45,11.1,11.3,590000
2020-01-09,11.4,11.6,11.4,11.45,65000
2020-01-10,11.45,11.75,11.45,11.5,38000
2020-01-13,11.55,11.8,11.55,11.8,57000
2020-01-14,11.8,12.0,11.8,11.95,135000
2020-01-15,11.85,11.9,11.7,11.8,198000
2020-01-16,12.0,12.0,11.65,11.75,86000
2020-01-17,11.75,11.95,11.6,11.65,102000
2020-01-20,11.7,11.75,11.55,11.6,52000
2020-01-30,11.1,11.15,10.65,10.95,350000
2020-01-31,11.25,11.65,11.0,11.6,80000
2020-02-03,11.0,11.2,10.8,10.8,60000
2020-02-04,10.85,11.05,10.8,10.9,165000
2020-02-05,11.25,11.25,10.95,10.95,44000
2020-02-06,11.2,11.2,10.95,10.95,39000
2020-02-07,10.9,10.95,10.8,10.9,152000
2020-02-10,10.8,10.85,10.6,10.6,220000
2020-02-11,10.6,10.85,10.6,10.8,47000
2020-02-12,10.85,11.15,10.85,11.05,44000
2020-02-13,11.2,11.4,11.1,11.15,90000
2020-02-14,11.15,11.3,11.1,11.15,45000
2020-02-17,11.2,11.3,11.05,11.15,41000
2020-02-18,11.05,11.1,11.0,11.0,63000
2020-02-19,11.0,11.0,10.95,11.0,14000
2020-02-20,11.25,11.5,11.1,11.1,38000
2020-02-21,11.0,11.15,10.95,11.0,43000
2020-02-24,10.9,10.9,10.75,10.8,152000
2020-02-25,10.75,10.95,10.75,10.9,112000
2020-02-26,10.9,10.9,10.75,10.8,38000
2020-02-27,11.15,11.15,10.65,10.7,74000
2020-03-02,10.6,10.6,10.3,10.55,109000
2020-03-03,10.7,10.7,10.55,10.55,51000
2020-03-04,10.55,10.6,10.45,10.55,14000
2020-03-05,10.6,10.85,10.45,10.65,161000
2020-03-06,10.5,10.65,10.5,10.6,44000
2020-03-09,10.6,10.7,10.25,10.6,187000
2020-03-10,10.4,10.7,10.4,10.7,164000
2020-03-11,10.5,10.65,10.3,10.5,350000
2020-03-12,10.3,10.4,9.8,9.99,391000
2020-03-13,9.56,9.56,9.0,9.49,353000
2020-03-16,9.81,10.05,9.81,9.88,162000
2020-03-17,9.28,9.98,9.28,9.5,120000
2020-03-18,9.6,9.6,9.31,9.4,56000
2020-03-19,9.4,9.55,8.46,9.3,357000
2020-03-20,9.5,9.57,9.12,9.41,77000
2020-03-23,9.41,9.41,9.01,9.01,96000
2020-03-24,9.2,9.25,9.05,9.05,77000
2020-03-25,9.2,9.25,9.13,9.13,76000
2020-03-26,9.3,9.3,9.12,9.13,148000
2020-03-27,9.38,9.49,9.22,9.27,67000
2020-03-30,9.3,9.45,9.27,9.44,52000
2020-03-31,9.48,9.5,9.35,9.42,54000
2020-04-01,9.42,9.65,9.42,9.61,53000
2020-04-06,9.55,9.55,9.42,9.53,31000
2020-04-07,9.54,9.7,9.54,9.6,17000
2020-04-08,9.79,9.79,9.53,9.76,62000
2020-04-09,9.9,10.55,9.9,10.35,132000
2020-04-10,10.25,10.95,10.05,10.2,98000
2020-04-13,10.4,10.4,10.15,10.15,38000
2020-04-14,10.15,10.4,10.15,10.3,52000
2020-04-15,10.3,10.6,10.3,10.45,111000
2020-04-16,10.65,10.8,10.45,10.8,113000
2020-04-17,10.85,10.85,10.7,10.7,64000
2020-04-20,10.75,10.8,10.65,10.65,84000
2020-04-21,10.65,10.65,10.2,10.35,73000
2020-04-22,10.1,10.45,10.1,10.25,20000
2020-04-23,10.35,10.35,10.25,10.25,39000
2020-04-24,10.4,10.4,10.05,10.3,59000
2020-04-27,10.4,10.7,10.4,10.55,115000
2020-04-28,10.6,11.25,10.6,10.95,207000
2020-04-29,11.0,11.25,10.95,11.1,134000
2020-04-30,11.25,11.25,11.0,11.2,121000
2020-05-04,10.65,10.8,10.55,10.65,265000
2020-05-05,10.65,10.95,10.65,10.85,51000
2020-05-06,10.9,11.1,10.9,11.05,166000
2020-05-07,11.2,11.2,11.0,11.15,124000
2020-05-08,11.4,11.55,11.2,11.45,189000
2020-05-11,11.55,11.8,11.5,11.6,304000
2020-05-12,11.75,11.85,11.65,11.75,175000
2020-05-13,11.85,11.85,11.45,11.65,147000
2020-05-14,11.7,12.0,11.5,11.65,365000
2020-05-15,11.85,12.8,11.8,12.8,1714000
2020-05-18,13.1,13.55,12.7,13.0,1058000
2020-05-19,13.05,13.45,12.8,13.15,650000
2020-05-20,13.15,13.4,13.0,13.05,274000
2020-05-21,13.0,14.35,13.0,14.3,2216000
2020-05-22,14.95,15.5,14.6,15.35,2261000
2020-05-25,15.55,16.85,15.55,16.8,2780000
2020-05-26,16.8,17.8,16.6,17.2,2238000
2020-05-27,17.15,17.15,16.4,17.05,1575000
2020-05-28,16.6,17.3,16.5,17.2,963000
2020-05-29,17.05,18.85,17.05,18.3,2396000
2020-06-01,18.45,18.75,18.3,18.7,1128000
2020-06-02,19.2,19.3,18.3,18.65,845000
2020-06-03,18.8,19.3,18.35,18.9,976000
2020-06-04,19.6,20.1,19.3,19.8,1526000
2020-06-05,19.95,20.1,19.6,20.0,1128000
2020-06-08,19.85,19.95,18.55,19.4,1373000
2020-06-09,19.45,19.7,18.8,19.2,834000
2020-06-10,19.2,20.3,19.0,20.1,1478000
2020-06-11,20.2,20.8,18.1,19.0,4081000
2020-06-12,17.7,19.15,17.7,19.1,697000
2020-06-15,18.95,19.0,18.3,18.35,653000
2020-06-16,18.6,19.1,18.6,18.7,570000
2020-06-17,18.95,19.0,18.75,18.9,369000
2020-06-18,18.9,20.45,18.9,20.45,2173000
2020-06-19,22.45,22.45,22.0,22.45,6891000
2020-06-22,24.0,24.65,23.75,24.65,6882000
2020-06-23,24.6,26.5,24.05,26.0,8554000
2020-06-24,27.2,27.8,25.85,26.55,4548000
2020-06-29,26.55,27.35,26.05,26.15,3060000
2020-06-30,26.0,26.0,24.5,24.75,2339000
2020-07-01,25.1,26.8,24.8,26.7,2284000
2020-07-02,26.05,28.2,26.05,27.0,2419000
2020-07-03,27.5,27.5,25.7,26.2,1395000
2020-07-06,27.1,27.1,25.95,26.3,1506000
2020-07-07,26.5,26.5,25.3,26.25,1393000
2020-07-08,26.3,27.5,25.55,27.2,2109000
2020-07-09,28.0,29.9,28.0,29.6,4461000
2020-07-10,29.1,29.1,26.65,26.65,3191000
2020-07-13,27.8,29.3,26.7,29.15,4030000
2020-07-14,27.0,28.0,26.3,26.5,4763000
2020-07-15,26.7,27.2,25.8,26.05,2505000
2020-07-16,26.45,26.7,26.0,26.05,1198000
2020-07-17,26.4,28.65,26.1,28.65,7169000
2020-07-20,31.5,31.5,28.6,28.65,30042000
2020-07-21,28.0,28.55,27.05,27.55,5474000
2020-07-22,28.5,29.1,28.1,28.5,4405000
2020-07-23,28.15,29.3,27.9,28.4,4152000
2020-07-24,28.0,28.7,26.6,27.3,3360000
2020-07-27,27.35,27.7,24.6,24.65,5786000
2020-07-28,24.75,26.4,23.6,25.35,4878000
2020-07-29,26.3,26.9,26.0,26.45,4339000
2020-07-30,26.6,26.9,25.8,26.1,2159000
2020-07-31,25.9,26.7,25.75,26.45,1014000
2020-08-03,27.15,27.55,26.6,26.7,1812000
2020-08-04,26.85,28.2,26.8,27.3,2602000
2020-08-05,27.6,28.05,26.7,27.8,1954000
2020-08-06,28.05,28.5,27.5,27.9,2492000
2020-08-07,28.75,30.4,28.35,29.2,9006000
2020-08-10,29.2,29.5,27.75,27.9,3849000
2020-08-11,28.5,28.9,27.3,27.4,2761000
2020-08-12,27.65,27.8,26.5,27.05,2385000
2020-08-13,27.6,29.1,27.0,28.85,5342000
2020-08-14,29.0,29.45,27.8,28.25,3321000
2020-08-17,28.1,28.5,27.45,27.5,2530000
2020-08-18,27.75,28.65,27.4,28.35,2686000
2020-08-19,28.4,30.8,28.35,28.7,12100000
2020-08-20,28.0,29.4,26.0,27.05,6079000
2020-08-21,28.45,29.2,27.7,28.7,4592000
2020-08-24,28.3,31.55,27.9,31.55,19724000
2020-08-25,34.7,34.7,32.7,34.7,32968000
2020-08-26,34.0,36.4,33.35,36.4,10703000
2020-08-27,36.45,36.45,35.0,35.0,5973000
2020-08-28,35.2,35.6,33.8,34.4,6820000
2020-08-31,34.6,36.05,34.6,35.2,5460000
2020-09-01,35.35,35.8,34.65,35.0,4031000
2020-09-02,35.2,37.75,35.2,37.75,7183000
2020-09-03,37.6,37.7,36.45,36.55,5084000
2020-09-04,34.0,37.45,34.0,37.45,4620000
2020-09-07,38.4,39.0,36.8,36.8,6353000
2020-09-08,37.8,39.05,37.0,37.85,7780000
2020-09-09,36.9,39.05,36.3,38.55,11226000
2020-09-10,38.45,38.9,34.75,37.0,10458000
2020-09-11,36.85,36.9,33.5,33.5,10000000
2020-09-14,33.45,34.45,32.5,33.65,5147000
2020-09-15,34.0,34.5,32.8,33.0,3357000
2020-09-16,33.2,33.35,31.8,32.55,4428000
2020-09-17,32.9,33.75,32.5,32.5,4017000
2020-09-18,32.5,33.3,32.2,32.8,1688000
2020-09-21,32.8,32.85,31.1,31.25,2564000
2020-09-22,31.0,31.55,30.15,31.45,3117000
2020-09-23,31.5,31.9,30.35,30.45,1869000
2020-09-24,29.95,31.15,29.55,29.8,3142000
2020-09-25,30.2,30.4,27.1,28.5,3423000
2020-09-28,29.05,29.25,28.45,28.9,1672000
2020-09-29,29.05,29.2,28.2,28.35,1315000
2020-09-30,28.35,29.0,28.0,28.9,1213000
2020-10-05,29.25,29.65,28.45,28.9,2538000
2020-10-06,29.1,29.1,27.8,28.8,1840000
2020-10-07,28.8,29.05,28.35,28.85,1163000
2020-10-08,29.0,31.0,29.0,30.1,5640000
2020-10-12,29.1,29.2,27.2,27.3,5095000
2020-10-13,27.1,28.0,27.1,27.55,1607000
2020-10-14,27.9,28.5,27.5,28.15,1957000
2020-10-15,28.0,28.3,27.55,27.65,1144000
2020-10-16,27.8,29.0,27.6,27.7,6188000
2020-10-19,27.6,28.0,27.6,27.85,540000
2020-10-20,27.9,28.05,27.6,27.65,408000
2020-10-21,27.7,27.95,27.4,27.4,723000
2020-10-22,27.65,27.7,27.05,27.35,613000
2020-10-23,27.35,28.1,27.25,27.6,1278000
2020-10-26,27.7,29.1,27.7,28.65,4194000
2020-10-27,28.05,28.9,28.05,28.4,1211000
2020-10-28,28.35,28.7,27.85,28.4,1202000
2020-10-29,28.3,28.3,27.5,27.7,1623000
2020-10-30,27.8,27.85,26.8,26.8,1150000
2020-11-02,26.8,26.95,25.2,25.4,2115000
2020-11-03,25.75,26.15,25.65,25.75,965000
2020-11-04,25.85,26.0,25.7,25.85,508000
2020-11-05,25.85,26.7,25.85,26.4,682000
2020-11-06,26.4,27.0,26.3,26.95,856000
2020-11-09,27.5,28.15,27.4,27.75,2022000
2020-11-10,27.7,27.85,26.8,27.1,1023000
2020-11-11,26.8,27.75,26.7,27.15,2926000
2020-11-12,27.3,27.6,26.8,26.95,736000
2020-11-13,27.3,28.1,26.95,27.9,1848000
2020-11-16,28.25,28.35,27.65,28.25,1589000
2020-11-17,28.3,28.3,27.7,27.7,708000
2020-11-18,27.6,28.15,27.35,27.95,965000
2020-11-19,28.05,28.45,27.7,27.8,1322000
2020-11-20,28.1,28.2,26.75,26.8,3773000
2020-11-23,27.0,27.45,26.9,27.3,1252000
2020-11-24,27.5,27.8,27.1,27.1,1089000
2020-11-25,27.3,28.35,27.25,28.25,2391000
2020-11-26,28.85,29.1,28.3,28.7,2793000
2020-11-27,28.9,28.95,28.4,28.45,917000
2020-11-30,28.65,28.65,27.5,27.9,1367000
2020-12-01,28.0,29.3,27.55,29.1,4183000
2020-12-02,29.2,29.9,29.05,29.15,2910000
2020-12-03,29.0,29.1,28.4,28.4,1857000
2020-12-04,28.8,28.8,28.3,28.35,695000
2020-12-07,28.45,28.5,27.2,27.3,1808000
2020-12-08,27.1,27.15,26.85,26.95,1159000
2020-12-09,27.3,27.7,27.2,27.2,934000
2020-12-10,27.2,27.55,26.95,27.1,1013000
2020-12-11,26.8,27.4,25.5,25.8,5443000
2020-12-14,25.9,26.95,25.9,26.8,2011000
2020-12-15,26.8,26.8,26.1,26.1,857000
2020-12-16,26.25,26.75,26.2,26.5,964000
2020-12-17,26.55,26.65,26.2,26.3,1251000
2020-12-18,26.5,26.8,25.8,25.9,2233000
2020-12-21,25.9,26.05,24.85,24.9,2227000
2020-12-22,24.9,25.35,23.95,23.95,2091000
2020-12-23,24.0,25.0,24.0,24.3,1317000
2020-12-24,25.0,25.4,24.7,25.35,2620000
2020-12-25,25.3,25.75,24.95,25.1,1718000
2020-12-28,25.15,27.4,24.95,27.4,5652000
2020-12-29,28.35,29.3,28.0,28.65,10059000
2020-12-30,28.6,28.8,27.95,27.95,3140000
2020-12-31,28.4,28.5,27.6,27.75,1812000
2021-01-04,27.95,28.25,27.6,27.65,2264000
2021-01-05,27.8,28.1,27.55,27.9,1806000
2021-01-06,28.0,28.9,27.1,27.75,6324000
2021-01-07,27.8,28.05,27.5,27.55,997000
2021-01-08,27.8,27.8,26.4,26.6,2207000
2021-01-11,26.1,26.35,25.65,26.2,1818000
2021-01-12,26.2,26.2,25.35,25.7,1059000
2021-01-13,25.9,26.75,25.65,26.35,1172000
2021-01-14,26.3,27.0,26.25,26.95,956000
2021-01-15,27.0,27.1,26.0,26.05,1188000
2021-01-18,25.75,26.25,25.35,26.25,542000
2021-01-19,26.3,26.55,25.9,25.95,589000
2021-01-20,26.0,26.75,25.3,25.3,1347000
2021-01-21,25.75,25.75,25.05,25.15,502000
2021-01-22,25.1,25.5,24.8,25.0,1170000
2021-01-25,24.85,25.3,24.8,25.3,327000
2021-01-26,25.4,25.4,24.65,24.65,504000
2021-01-27,24.9,25.0,24.2,24.8,3118000
2021-01-28,24.6,24.6,24.15,24.2,562000
2021-01-29,24.35,24.4,23.9,23.9,515000
2021-02-01,23.55,24.05,22.7,22.75,1202000
2021-02-02,22.75,23.1,22.7,22.75,552000
2021-02-03,22.9,23.1,22.7,22.8,420000
2021-02-04,22.8,23.1,22.75,23.0,336000
2021-02-05,23.1,23.1,22.7,22.85,557000
2021-02-17,23.2,23.75,23.2,23.7,630000
2021-02-18,23.9,24.45,23.65,24.45,574000
2021-02-19,24.5,25.25,24.3,25.15,885000
2021-02-22,25.45,27.65,25.4,27.65,4707000
2021-02-23,27.65,29.0,27.05,28.4,6591000
2021-02-24,28.4,28.85,27.85,28.45,2819000
2021-02-25,28.9,29.2,28.55,28.6,3878000
2021-02-26,28.55,29.45,28.1,29.25,4276000
2021-03-02,29.95,30.8,29.0,29.9,5411000
2021-03-03,29.8,30.2,28.9,29.8,2844000
2021-03-04,29.8,30.25,29.1,29.25,2162000
2021-03-05,29.65,30.5,28.65,30.5,3461000
2021-03-08,31.2,32.5,30.8,31.5,8793000
2021-03-09,31.1,32.3,31.05,31.95,4492000
2021-03-10,31.95,32.7,31.5,31.6,4305000
2021-03-11,29.3,30.75,29.25,29.8,5875000
2021-03-12,30.0,31.2,29.75,31.2,3168000
2021-03-15,31.4,33.5,31.2,33.5,5710000
2021-03-16,33.65,34.3,33.1,34.0,4830000
2021-03-17,34.0,34.8,33.6,34.0,3188000
2021-03-18,34.3,34.3,33.5,33.55,2521000
2021-03-19,33.7,34.7,33.45,33.6,3580000
2021-03-22,35.0,35.0,32.7,33.1,5489000
2021-03-23,33.4,33.55,31.9,32.0,2395000
2021-03-24,32.0,32.9,31.8,32.45,1101000
2021-03-25,32.7,33.5,32.4,33.3,1865000
2021-03-26,33.3,33.7,32.9,33.0,1677000
2021-03-29,33.05,33.35,32.6,32.75,1179000
2021-03-30,32.75,32.9,32.6,32.6,1181000
2021-03-31,32.65,32.75,32.05,32.1,1861000
2021-04-01,32.3,33.45,32.15,33.25,1671000
2021-04-06,33.95,34.15,33.45,33.5,3115000
2021-04-07,33.7,33.8,33.05,33.65,1654000
2021-04-08,33.8,33.8,33.1,33.1,2220000
2021-04-09,33.2,34.4,33.05,33.85,3741000
2021-04-12,35.0,35.0,33.15,33.2,3324000
2021-04-13,33.3,33.5,32.0,32.05,2390000
2021-04-14,31.55,32.2,30.0,31.2,2692000
2021-04-15,31.5,32.0,31.25,32.0,873000
2021-04-16,32.3,32.65,31.75,32.1,1191000
2021-04-19,32.2,33.2,32.1,32.6,1828000
2021-04-20,32.6,33.05,32.1,32.6,990000
2021-04-21,32.6,33.6,32.6,33.15,1767000
2021-04-22,33.3,33.85,31.75,31.8,2352000
2021-04-23,31.8,32.95,31.5,32.8,1212000
2021-04-26,32.9,33.4,32.55,32.7,1182000
2021-04-27,32.75,33.0,32.25,32.4,1265000
2021-04-28,32.25,32.6,31.9,32.0,1158000
2021-04-29,32.1,32.1,31.6,31.9,1027000
2021-05-03,31.6,31.65,30.1,30.1,1826000
2021-05-04,30.0,30.5,27.1,28.5,2244000
2021-05-05,28.45,29.45,28.1,28.35,708000
2021-05-06,28.4,29.25,28.0,28.3,512000
2021-05-07,27.5,28.2,26.5,28.0,2406000
2021-05-10,28.2,28.2,27.2,27.65,854000
2021-05-11,26.65,27.15,25.5,25.85,1423000
2021-05-12,25.85,26.25,23.45,24.1,1945000
2021-05-13,23.0,24.95,22.85,24.5,1255000
2021-05-14,24.7,26.05,24.0,24.4,1046000
2021-05-17,22.1,23.8,22.0,22.15,1481000
2021-05-18,22.9,24.35,22.05,24.35,986000
2021-05-19,24.5,25.0,23.7,24.45,654000
2021-05-20,24.45,24.75,24.05,24.4,451000
2021-05-21,24.7,25.45,24.7,25.35,588000
2021-05-24,25.3,26.6,24.9,25.95,466000
2021-05-25,26.4,26.4,25.7,25.95,569000
2021-05-26,25.95,26.0,25.6,25.85,451000
2021-05-27,25.65,26.05,25.65,25.95,279000
2021-05-28,26.15,26.15,25.85,26.0,334000
2021-05-31,26.0,26.15,25.65,26.05,388000
2021-06-01,26.1,26.45,26.0,26.2,295000
2021-06-02,26.2,26.25,25.9,26.15,445000
2021-06-03,26.2,26.2,26.0,26.2,347000
2021-06-04,26.05,26.05,25.8,25.9,245000
2021-06-07,25.9,25.9,25.15,25.7,297000
2021-06-08,25.8,25.9,25.55,25.8,189000
2021-06-09,25.6,25.8,25.3,25.5,523000
2021-06-10,25.25,25.5,24.85,25.05,921000
2021-06-11,24.5,25.35,23.8,24.0,2931000
2021-06-15,24.0,24.1,23.85,23.95,588000
2021-06-16,23.95,23.95,23.25,23.25,1029000
2021-06-17,23.3,23.85,23.3,23.75,304000
2021-06-18,24.0,24.0,23.5,23.75,439000
2021-06-21,23.8,23.8,23.3,23.3,526000
2021-06-22,23.9,23.9,23.2,23.2,497000
2021-06-23,23.25,23.5,23.2,23.4,283000
2021-06-24,23.45,24.85,23.3,24.6,1192000
2021-06-25,24.6,24.65,24.2,24.25,507000
2021-06-28,24.2,24.45,23.95,24.35,532000
2021-06-29,24.3,24.3,24.0,24.0,306000
2021-06-30,24.0,24.25,23.9,23.95,419000
2021-07-01,24.05,24.05,23.25,23.55,636000
2021-07-02,23.5,23.8,23.35,23.8,470000
2021-07-05,23.9,24.0,23.75,23.8,534000
2021-07-06,24.0,24.25,23.65,23.75,303000
2021-07-07,23.75,24.0,23.65,23.9,626000
2021-07-08,24.0,24.2,23.9,24.0,394000
2021-07-09,24.0,24.4,23.7,24.4,657000
2021-07-12,24.4,25.95,24.4,25.65,11871000
2021-07-13,25.4,25.8,24.95,25.3,1871000
2021-07-14,25.45,25.5,24.7,24.75,466000
2021-07-15,24.8,24.8,24.45,24.7,336000
2021-07-16,24.65,24.8,24.45,24.7,290000
2021-07-19,24.9,25.2,24.75,24.85,305000
2021-07-20,24.6,24.9,24.4,24.5,264000
2021-07-21,24.8,24.8,24.0,24.0,1073000
2021-07-22,24.5,24.5,23.8,23.8,374000
2021-07-23,23.9,24.1,23.8,23.9,214000
2021-07-26,24.35,24.35,23.95,24.0,294000
2021-07-27,24.25,24.25,23.5,23.6,319000
2021-07-28,23.85,23.85,22.85,23.2,434000
2021-07-29,23.35,23.9,23.25,23.8,684000
2021-07-30,23.9,23.9,23.5,23.5,210000
2021-08-02,24.0,24.3,23.4,23.7,507000
2021-08-03,23.65,24.4,23.65,24.2,500000
2021-08-04,24.3,24.35,24.0,24.2,338000
2021-08-05,24.2,24.4,23.8,23.8,465000
2021-08-06,23.95,24.3,23.8,23.9,263000
2021-08-09,23.9,23.95,23.65,23.8,373000
2021-08-10,23.7,23.8,23.5,23.6,409000
2021-08-11,23.5,23.75,23.2,23.45,447000
2021-08-12,23.45,23.45,23.0,23.2,500000
2021-08-13,23.25,23.35,22.8,22.85,708000
2021-08-16,22.8,23.5,22.4,23.0,1129000
2021-08-17,20.0,20.1,18.65,18.65,1321000
2021-08-18,18.1,18.25,16.8,17.7,2171000
2021-08-19,17.55,17.55,16.95,17.3,774000
2021-08-20,17.1,17.65,17.05,17.55,444000
2021-08-23,17.45,17.7,17.2,17.4,413000
2021-08-24,17.4,17.75,17.25,17.6,833000
2021-08-25,17.75,18.5,17.75,18.4,306000
2021-08-26,18.4,18.45,17.9,18.0,265000
2021-08-27,18.2,18.2,17.8,17.95,169000
2021-08-30,18.25,18.25,17.85,17.9,115000
2021-08-31,17.9,17.9,17.55,17.7,193000
2021-09-01,17.7,18.95,17.7,18.55,432000
2021-09-02,18.45,18.7,17.95,17.95,254000
2021-09-03,18.0,18.2,17.8,17.8,475000
2021-09-06,17.8,18.0,17.55,17.7,183000
2021-09-07,17.6,18.6,17.4,18.15,6621000
2021-09-08,18.0,18.15,17.75,17.95,359000
2021-09-09,17.95,18.15,17.7,18.1,145000
2021-09-10,18.25,18.3,17.9,18.3,224000
2021-09-13,18.35,18.35,18.05,18.25,232000
2021-09-14,18.45,18.45,17.8,17.95,276000
2021-09-15,17.85,17.85,17.2,17.35,381000
2021-09-16,17.3,17.3,16.9,16.95,514000
2021-09-17,17.2,17.2,17.0,17.2,78000
2021-09-22,17.0,17.0,16.55,16.7,158000
2021-09-23,17.2,17.2,16.75,16.75,129000
2021-09-24,17.0,17.1,16.75,17.0,161000
2021-09-27,17.1,17.4,17.0,17.3,136000
2021-09-28,17.2,17.35,17.0,17.25,89000
2021-09-29,17.25,17.3,17.05,17.15,51000
2021-09-30,17.0,17.4,16.8,17.0,968000
2021-10-01,17.0,17.1,16.8,16.8,340000
2021-10-04,16.85,16.95,16.1,16.1,187000
2021-10-05,16.0,17.65,15.15,16.55,16708000
2021-10-06,16.5,16.95,16.4,16.5,507000
2021-10-07,16.5,16.9,16.5,16.7,134000
2021-10-08,16.6,17.1,16.55,16.6,266000
2021-10-12,16.5,16.75,16.2,16.35,452000
2021-10-13,16.45,16.45,15.75,16.0,377000
2021-10-14,15.9,16.0,15.5,15.9,265000
2021-10-15,15.9,16.1,15.55,15.9,227000
2021-10-18,15.9,15.9,15.5,15.7,194000
2021-10-19,15.65,15.75,15.65,15.65,94000
2021-10-20,15.65,15.95,15.4,15.5,295000
2021-10-21,15.65,15.8,15.5,15.6,115000
2021-10-22,15.5,15.5,15.3,15.5,105000
2021-10-25,15.5,15.65,15.3,15.55,185000
2021-10-26,15.55,15.7,15.35,15.45,126000
2021-10-27,15.5,15.5,15.3,15.5,165000
2021-10-28,15.5,15.85,15.5,15.85,154000
2021-10-29,15.9,15.95,15.55,15.9,99000
2021-11-01,15.9,16.2,15.9,16.15,209000
2021-11-02,16.3,16.5,16.15,16.25,158000
2021-11-03,16.3,16.45,16.1,16.35,111000
2021-11-04,16.35,16.5,16.35,16.45,162000
2021-11-05,16.5,16.6,16.35,16.6,94000
2021-11-08,16.6,16.7,16.35,16.65,109000
2021-11-09,16.65,16.65,16.45,16.55,138000
2021-11-10,16.5,16.55,16.15,16.3,159000
2021-11-11,16.2,16.35,15.9,16.2,299000
2021-11-12,16.15,16.15,15.85,16.0,100000
2021-11-15,16.0,16.15,15.95,15.95,141000
2021-11-16,16.15,16.5,16.0,16.3,415000
2021-11-17,16.5,16.6,16.3,16.4,246000
2021-11-18,16.4,16.45,16.0,16.15,208000
2021-11-19,16.15,16.15,16.0,16.1,169000
2021-11-22,15.95,16.2,15.95,16.1,132000
2021-11-23,15.95,16.0,15.9,15.9,132000
2021-11-24,15.9,16.0,15.8,15.95,115000
2021-11-25,15.9,16.0,15.9,15.9,81000
2021-11-26,15.9,15.95,15.55,15.55,216000
2021-11-29,15.2,15.5,15.15,15.5,90000
2021-11-30,15.6,15.8,15.6,15.7,66000
2021-12-01,15.65,15.9,15.55,15.8,95000
2021-12-02,15.6,15.8,15.55,15.65,87000
2021-12-03,15.6,16.0,15.6,15.95,71000
2021-12-06,16.0,16.2,15.95,16.0,93000
2021-12-07,16.1,16.15,16.0,16.1,120000
2021-12-08,16.0,16.15,16.0,16.05,88000
2021-12-09,16.05,16.05,15.95,16.0,137000
2021-12-10,15.95,16.1,15.9,16.05,72000
2021-12-13,16.1,17.65,16.1,17.65,2173000
2021-12-14,18.05,19.4,18.05,19.4,8939000
2021-12-15,18.5,18.9,18.05,18.2,2890000
2021-12-16,18.6,18.95,18.2,18.2,1032000
2021-12-17,18.45,18.45,17.6,17.75,703000
2021-12-20,17.75,17.9,17.2,17.4,458000
2021-12-21,17.3,19.1,17.3,19.1,2862000
2021-12-22,19.5,19.5,18.35,18.35,2266000
2021-12-23,18.5,18.6,18.15,18.35,495000
2021-12-24,18.45,18.9,18.3,18.45,422000
2021-12-27,18.45,18.8,18.25,18.45,362000
2021-12-28,18.7,18.7,18.25,18.25,334000
2021-12-29,18.3,18.8,18.0,18.25,1024000
2021-12-30,18.5,19.2,18.35,18.6,985000
2022-01-03,18.65,19.25,18.5,18.95,950000
2022-01-04,19.35,19.6,18.75,19.0,1423000
2022-01-05,19.15,19.15,18.75,18.8,548000
2022-01-06,18.5,18.9,18.4,18.6,356000
2022-01-07,18.45,18.85,18.15,18.15,560000
2022-01-10,18.15,18.8,18.05,18.5,225000
2022-01-11,18.3,18.4,18.0,18.0,462000
2022-01-12,18.25,18.25,17.3,17.5,411000
2022-01-13,17.8,17.8,17.45,17.5,100000
2022-01-14,17.5,17.5,16.8,17.0,268000
2022-01-17,17.0,17.55,17.0,17.5,150000
2022-01-18,17.7,17.7,17.4,17.55,78000
2022-01-19,17.55,17.65,17.35,17.6,89000
2022-01-20,17.8,17.8,17.5,17.5,60000
2022-01-21,17.5,17.5,17.1,17.1,133000
2022-01-24,16.9,16.9,16.25,16.5,249000
2022-01-25,16.85,16.85,16.2,16.35,157000
2022-01-26,16.05,16.85,16.05,16.6,110000
2022-02-07,16.6,17.1,16.45,17.1,134000
2022-02-08,17.1,17.2,16.9,17.15,63000
2022-02-09,17.25,17.45,17.15,17.25,74000
2022-02-10,17.2,17.45,17.0,17.15,94000
2022-02-11,17.0,17.3,17.0,17.3,85000
2022-02-14,16.8,17.0,16.7,17.0,183000
2022-02-15,16.95,17.25,16.9,17.0,82000
2022-02-16,17.2,17.45,17.0,17.3,92000
2022-02-17,17.35,17.35,17.1,17.25,112000
2022-02-18,17.2,18.2,17.05,18.15,492000
2022-02-21,18.35,18.5,18.0,18.2,473000
2022-02-22,18.2,18.2,17.6,18.1,243000
2022-02-23,18.1,18.1,17.85,17.95,198000
2022-02-24,17.95,17.95,17.25,17.5,175000
2022-02-25,17.5,17.9,17.25,17.9,270000
2022-03-01,17.9,18.0,17.8,17.85,135000
2022-03-02,17.8,17.8,17.5,17.5,110000
2022-03-03,17.5,17.85,17.3,17.45,93000
2022-03-04,17.5,17.5,17.2,17.25,122000
2022-03-07,17.25,17.85,16.45,16.8,214000
2022-03-08,16.6,16.8,16.0,16.35,338000
2022-03-09,16.0,16.65,16.0,16.45,158000
2022-03-10,16.65,16.75,16.45,16.65,144000
2022-03-11,16.75,17.7,16.7,17.15,536000
2022-03-14,17.2,17.2,16.7,17.0,228000
2022-03-15,16.9,16.9,16.4,16.45,142000
2022-03-16,16.55,16.65,16.4,16.55,131000
2022-03-17,16.6,16.8,16.6,16.75,111000
2022-03-18,16.9,17.0,16.6,17.0,85000
2022-03-21,16.75,16.95,16.7,16.75,101000
2022-03-22,16.7,16.85,16.7,16.85,48000
2022-03-23,16.9,16.9,16.7,16.9,77000
2022-03-24,16.9,16.9,16.7,16.85,61000
2022-03-25,16.75,16.85,16.55,16.6,86000
2022-03-28,16.5,16.5,16.3,16.5,113000
2022-03-29,16.45,16.45,16.3,16.35,100000
2022-03-30,16.45,16.5,16.35,16.45,96000
2022-03-31,16.45,16.45,16.3,16.35,111000
2022-04-01,16.4,16.5,16.05,16.15,114000
2022-04-06,16.1,16.5,15.95,16.4,372000
2022-04-07,16.4,16.45,15.95,15.95,357000
2022-04-08,16.0,16.05,15.95,16.0,62000
2022-04-11,15.95,15.95,15.4,15.55,204000
2022-04-12,15.35,15.6,15.25,15.25,123000
2022-04-13,15.25,15.6,15.2,15.45,249000
2022-04-14,15.45,15.45,15.25,15.3,68000
2022-04-15,15.45,15.45,15.1,15.3,146000
2022-04-18,15.3,15.3,15.05,15.05,78000
2022-04-19,15.1,15.2,15.1,15.15,59000
2022-04-20,15.4,15.4,15.1,15.25,55000
2022-04-21,15.3,15.3,15.15,15.25,50000
2022-04-22,15.1,15.3,15.1,15.15,65000
2022-04-25,15.15,15.15,14.0,14.6,228000
2022-04-26,14.6,14.6,14.3,14.5,183000
2022-04-27,14.0,14.25,13.6,13.9,309000
2022-04-28,13.7,14.0,13.7,13.9,147000
2022-04-29,14.0,14.2,14.0,14.1,65000
2022-05-03,14.1,14.1,13.55,13.9,53000
2022-05-04,13.9,14.0,13.85,13.85,164000
2022-05-05,13.9,14.2,13.85,14.0,134000
2022-05-06,13.9,13.95,13.7,13.95,71000
2022-05-09,13.8,13.85,13.35,13.6,74000
2022-05-10,13.5,13.9,13.25,13.9,110000
2022-05-11,13.75,14.05,13.3,13.45,128000
2022-05-12,13.2,13.3,13.0,13.0,200000
2022-05-13,13.0,13.0,12.75,12.95,183000
2022-05-16,12.95,13.0,12.55,12.75,80000
2022-05-17,12.75,13.0,12.75,12.95,72000
2022-05-18,12.95,14.2,12.95,14.2,451000
2022-05-19,13.45,13.95,13.4,13.9,376000
2022-05-20,13.9,14.4,13.9,13.95,107000
2022-05-23,14.35,14.35,14.05,14.1,68000
2022-05-24,14.2,14.25,13.75,13.85,144000
2022-05-25,14.0,14.05,13.8,13.95,38000
2022-05-26,14.15,14.15,13.85,13.95,26000
2022-05-27,14.05,14.75,14.05,14.1,234000
2022-05-30,14.3,14.5,14.3,14.3,56000
2022-05-31,14.45,14.45,14.3,14.35,49000
2022-06-01,14.6,14.6,14.25,14.35,58000
2022-06-02,14.35,14.55,14.25,14.25,39000
2022-06-06,14.55,14.55,14.1,14.15,26000
2022-06-07,14.2,14.35,14.15,14.15,22000
2022-06-08,14.4,14.4,14.15,14.25,70000
2022-06-09,14.35,14.35,14.2,14.25,26000
2022-06-10,14.3,14.3,14.1,14.2,35000
2022-06-13,14.1,14.1,13.75,13.75,52000
2022-06-14,13.6,13.65,13.4,13.4,92000
2022-06-15,13.55,13.7,13.35,13.4,109000
2022-06-16,13.5,14.7,13.45,13.5,1210000
2022-06-17,13.4,13.6,13.05,13.1,243000
2022-06-20,13.25,13.25,12.6,12.7,191000
2022-06-21,12.9,13.1,12.85,13.0,97000
2022-06-22,13.1,13.1,12.8,12.85,84000
2022-06-23,13.0,13.05,12.65,12.7,69000
2022-06-24,12.9,13.1,12.65,12.9,42000
2022-06-27,12.85,13.1,12.85,13.0,60000
2022-06-28,13.0,13.2,12.8,13.1,43000
2022-06-29,13.25,13.25,12.9,13.0,25000
2022-06-30,12.85,12.85,12.6,12.65,84000
2022-07-01,12.55,12.55,11.75,11.75,253000
2022-07-04,12.0,12.1,11.75,11.9,106000
2022-07-05,12.0,12.05,11.85,12.05,50000
2022-07-06,12.0,12.0,11.6,11.75,121000
2022-07-07,11.8,12.25,11.75,12.2,107000
2022-07-08,12.4,12.4,12.0,12.0,100000
2022-07-11,12.0,12.2,11.75,12.0,791000
2022-07-12,11.95,11.95,10.95,11.3,343000
2022-07-13,11.65,11.85,11.6,11.65,126000
2022-07-14,11.8,12.35,11.75,12.35,176000
2022-07-15,12.45,12.5,12.2,12.2,106000
2022-07-18,12.3,12.3,12.05,12.1,65000
2022-07-19,12.1,12.2,12.05,12.2,28000
2022-07-20,12.3,12.5,12.15,12.2,113000
2022-07-21,12.2,12.3,12.2,12.3,28000
2022-07-22,12.15,12.4,12.15,12.2,48000
2022-07-25,12.05,12.3,12.05,12.3,48000
2022-07-26,12.3,12.35,12.2,12.2,35000
2022-07-27,12.1,12.3,12.1,12.3,24000
2022-07-28,12.3,12.3,12.25,12.25,33000
2022-07-29,12.15,12.45,12.15,12.35,91000
2022-08-01,12.35,12.6,12.35,12.55,107000
2022-08-02,12.5,13.55,12.5,13.25,623000
2022-08-03,13.3,13.5,13.1,13.15,271000
2022-08-04,13.3,13.35,12.6,12.8,187000
2022-08-05,12.85,13.3,12.85,13.25,94000
2022-08-08,13.25,13.25,13.05,13.05,28000
2022-08-09,13.05,14.35,13.05,14.35,1019000
2022-08-10,14.6,15.1,14.0,14.15,1745000
2022-08-11,13.9,14.2,13.7,13.8,692000
2022-08-12,13.85,14.0,13.7,14.0,130000
2022-08-15,14.0,14.1,13.9,14.0,129000
2022-08-16,14.05,14.05,13.8,13.8,116000
2022-08-17,13.8,13.8,13.6,13.65,142000
2022-08-18,13.6,14.1,13.6,13.85,197000
2022-08-19,13.9,14.6,13.85,14.3,382000
2022-08-22,14.35,14.35,13.95,14.0,119000
2022-08-23,14.0,14.1,13.9,13.95,87000
2022-08-24,14.0,14.2,14.0,14.0,88000
2022-08-25,14.0,14.0,13.85,13.85,83000
2022-08-26,14.05,14.7,14.05,14.2,220000
2022-08-29,13.75,14.3,13.75,14.15,158000
2022-08-30,14.15,14.25,14.05,14.15,63000
2022-08-31,14.05,14.15,14.0,14.15,63000
2022-09-01,14.05,14.15,13.9,13.95,44000
2022-09-02,13.95,13.95,13.8,13.85,53000
2022-09-05,13.85,13.85,13.5,13.6,89000
2022-09-06,13.6,13.8,13.3,13.45,68000
2022-09-07,13.3,13.3,13.1,13.1,62000
2022-09-08,13.7,13.7,13.3,13.45,65000
2022-09-12,13.5,13.6,13.4,13.5,49000
2022-09-13,13.5,14.25,13.5,14.1,386000
2022-09-14,13.85,14.05,13.8,14.0,83000
2022-09-15,13.95,14.45,13.9,14.4,355000
2022-09-16,14.4,14.5,14.05,14.05,124000
2022-09-19,13.85,13.95,13.65,13.65,86000
2022-09-20,13.65,13.65,13.5,13.5,65000
2022-09-21,13.6,13.6,13.35,13.35,37000
2022-09-22,13.35,13.6,13.35,13.4,80000
2022-09-23,13.45,14.0,13.15,13.15,315000
2022-09-26,13.1,13.1,11.9,12.95,189000
2022-09-27,12.6,12.95,12.6,12.95,79000
2022-09-28,12.7,12.7,11.85,11.9,175000
2022-09-29,12.0,12.2,12.0,12.1,146000
2022-09-30,11.85,12.25,11.85,12.25,19000
2022-10-03,12.25,12.35,12.1,12.3,35000
2022-10-04,12.4,12.5,12.3,12.4,31000
2022-10-05,12.4,12.65,12.35,12.4,36000
2022-10-06,12.65,12.65,12.15,12.3,101000
2022-10-07,12.35,12.35,12.1,12.35,16000
2022-10-11,12.0,12.25,11.75,11.8,168000
2022-10-12,11.7,11.85,11.5,11.75,98000
2022-10-13,11.6,11.75,11.2,11.2,249000
2022-10-14,11.55,11.9,11.4,11.6,82000
2022-10-17,11.4,11.45,11.35,11.45,23000
2022-10-18,11.5,11.5,11.35,11.45,38000
2022-10-19,11.5,11.5,11.35,11.4,24000
2022-10-20,11.35,11.35,11.0,11.25,73000
2022-10-21,11.3,11.3,11.2,11.3,74000
2022-10-24,11.35,11.45,11.15,11.15,45000
2022-10-25,11.15,11.3,11.15,11.2,75000
2022-10-26,11.6,12.3,11.6,12.0,1085000
2022-10-27,12.0,12.15,11.7,12.0,294000
2022-10-28,11.75,11.95,11.6,11.6,51000
2022-10-31,11.65,11.65,11.5,11.6,29000
2022-11-01,11.6,11.8,11.5,11.6,68000
2022-11-02,11.6,11.85,11.6,11.8,51000
2022-11-03,11.6,11.8,11.5,11.8,63000
2022-11-04,11.8,11.95,11.6,11.95,53000
2022-11-07,12.0,12.1,11.8,11.95,84000
2022-11-08,11.95,12.05,11.9,11.9,72000
2022-11-09,11.85,12.3,11.85,11.95,75000
2022-11-10,12.15,12.15,11.85,11.95,33000
2022-11-11,12.2,12.2,11.85,11.95,96000
2022-11-14,11.9,12.1,11.9,12.05,44000
2022-11-15,11.85,12.1,11.85,12.1,74000
2022-11-16,12.2,12.4,12.05,12.15,95000
2022-11-17,12.1,12.3,12.05,12.3,105000
2022-11-18,12.2,12.25,12.2,12.2,15000
2022-11-21,12.2,12.2,12.1,12.1,39000
2022-11-22,12.1,12.2,12.0,12.15,70000
2022-11-23,12.15,12.25,12.05,12.05,58000
2022-11-24,12.15,13.1,12.1,12.35,712000
2022-11-25,12.45,12.6,12.35,12.45,201000
2022-11-28,12.55,12.65,12.35,12.45,88000
2022-11-29,12.8,13.65,12.8,13.0,2210000
2022-11-30,12.85,13.2,12.8,13.2,256000
2022-12-01,13.2,13.25,13.1,13.2,177000
2022-12-02,13.1,13.25,13.05,13.2,54000
2022-12-05,13.5,13.5,13.15,13.3,139000
2022-12-06,13.15,13.3,13.05,13.15,49000
2022-12-07,13.25,13.4,12.7,12.8,239000
2022-12-08,12.75,12.8,12.7,12.75,23000
2022-12-09,12.95,12.95,12.6,12.65,52000
2022-12-12,12.5,12.65,12.5,12.6,21000
2022-12-13,12.6,13.0,12.6,12.8,160000
2022-12-14,12.8,13.0,12.8,12.9,53000
2022-12-15,12.9,12.95,12.9,12.9,18000
2022-12-16,12.8,12.9,12.6,12.75,47000
2022-12-19,12.8,12.8,12.55,12.65,19000
2022-12-20,12.55,12.6,12.3,12.3,107000
2022-12-21,12.35,12.45,12.25,12.35,76000
2022-12-22,12.6,12.6,12.4,12.5,61000
2022-12-23,12.5,12.5,12.3,12.5,14000
2022-12-26,12.5,12.5,12.3,12.5,75000
2022-12-27,12.5,12.5,12.4,12.5,21000
2022-12-28,12.5,12.5,12.35,12.35,35000
2022-12-29,12.75,12.75,12.3,12.45,15000
2022-12-30,12.45,12.5,12.35,12.5,26000
2023-01-03,12.35,12.55,12.3,12.55,53000
2023-01-04,12.55,12.55,12.3,12.45,99000
2023-01-05,12.45,12.75,12.3,12.4,116000
2023-01-06,12.35,12.5,12.3,12.4,31000
2023-01-09,12.45,12.5,12.35,12.4,73000
2023-01-10,12.4,12.5,12.4,12.4,18000
2023-01-11,12.35,12.6,12.35,12.6,60000
2023-01-12,12.65,12.7,12.55,12.6,19000
2023-01-13,12.5,12.6,12.35,12.5,70000
2023-01-16,12.45,12.6,12.45,12.6,50000
2023-01-17,12.6,12.6,12.55,12.6,64000
2023-01-30,12.7,12.85,12.7,12.75,99000
2023-01-31,12.7,12.85,12.7,12.8,32000
2023-02-01,12.75,13.0,12.7,13.0,110000
2023-02-02,13.1,13.45,13.1,13.4,134000
2023-02-03,13.8,14.4,13.6,13.75,543000
2023-02-06,13.7,13.8,13.5,13.8,270000
2023-02-07,13.8,13.8,13.6,13.75,142000
2023-02-08,13.8,13.8,13.6,13.7,77000
2023-02-09,13.75,13.75,13.55,13.55,80000
2023-02-10,13.45,13.6,13.45,13.5,78000
2023-02-13,13.45,13.5,13.35,13.4,127000
2023-02-14,13.45,13.6,13.35,13.55,111000
2023-02-15,13.45,13.6,13.4,13.45,89000
2023-02-16,13.6,13.65,13.55,13.55,108000
2023-02-17,13.65,14.2,13.65,14.0,382000
2023-02-20,13.95,14.25,13.9,13.95,387000
2023-02-21,14.0,14.05,13.7,13.95,154000
2023-02-22,13.85,13.95,13.8,13.85,43000
2023-02-23,13.9,14.0,13.85,13.9,64000
2023-02-24,13.9,14.0,13.75,13.85,249000
2023-03-01,13.75,13.85,13.65,13.85,68000
2023-03-02,13.85,13.95,13.85,13.9,95000
2023-03-03,14.0,14.0,13.85,13.9,56000
2023-03-06,13.95,14.85,13.9,14.45,464000
2023-03-07,14.55,14.55,14.35,14.4,111000
2023-03-08,14.5,14.65,14.25,14.55,102000
2023-03-09,14.55,14.6,14.4,14.5,77000
2023-03-10,14.55,14.65,14.2,14.25,125000
2023-03-13,14.25,14.3,13.9,13.95,96000
2023-03-14,14.15,14.15,13.8,13.9,56000
2023-03-15,13.8,14.0,13.75,13.8,128000
2023-03-16,13.7,13.8,13.4,13.5,109000
2023-03-17,13.4,13.6,13.4,13.6,36000
2023-03-20,13.6,13.8,13.5,13.65,132000
2023-03-21,13.65,13.85,13.65,13.8,25000
2023-03-22,13.95,14.0,13.8,13.85,41000
2023-03-23,13.8,14.25,13.8,13.9,94000
2023-03-24,14.25,14.25,14.05,14.2,142000
2023-03-27,14.5,14.75,14.15,14.2,241000
2023-03-28,14.35,14.35,14.05,14.1,46000
2023-03-29,14.2,14.2,13.85,13.85,127000
2023-03-30,14.1,14.1,13.9,13.9,81000
2023-03-31,14.15,14.15,13.95,14.0,71000
2023-04-06,14.0,14.2,13.9,14.1,68000
2023-04-07,14.25,14.65,14.2,14.4,612000
2023-04-10,14.45,14.8,14.4,14.75,512000
2023-04-11,15.4,16.2,15.4,16.2,1755000
2023-04-12,16.6,17.75,16.55,17.05,4279000
2023-04-13,16.8,17.4,16.75,17.3,930000
2023-04-14,17.1,17.3,16.9,16.95,641000
2023-04-17,16.9,17.15,16.75,17.0,717000
2023-04-18,17.1,18.15,16.95,18.15,3378000
2023-04-19,18.8,19.8,18.2,18.95,4055000
2023-04-20,18.95,19.0,17.75,17.8,1675000
2023-04-21,17.95,18.4,16.6,16.6,1481000
2023-04-24,16.7,17.1,16.7,17.0,331000
2023-04-25,17.7,18.3,16.9,17.05,1128000
2023-04-26,17.1,17.4,16.85,17.3,434000
2023-04-27,17.45,18.5,17.25,18.0,1510000
2023-04-28,18.5,18.9,18.2,18.3,1265000
2023-05-02,18.95,20.0,18.9,18.95,1915000
2023-05-03,18.7,19.2,18.35,18.8,858000
2023-05-04,18.8,20.0,18.6,19.4,2198000
2023-05-05,19.4,20.0,19.35,19.45,1490000
2023-05-08,19.95,20.45,19.55,20.3,1803000
2023-05-09,20.3,20.5,19.35,19.5,1433000
2023-05-10,19.9,21.1,19.85,20.5,3801000
2023-05-11,21.9,22.3,20.1,20.55,5252000
2023-05-12,20.2,20.8,19.5,20.3,1506000
2023-05-15,20.3,20.3,19.6,19.75,953000
2023-05-16,20.05,20.3,19.85,19.95,480000
2023-05-17,20.45,20.45,19.9,20.0,613000
2023-05-18,20.25,20.4,19.55,19.6,841000
2023-05-19,19.7,19.9,19.2,19.55,1026000
2023-05-22,19.6,21.5,19.6,21.5,2385000
2023-05-23,22.5,23.65,22.4,23.65,7837000
2023-05-24,24.2,25.3,23.65,24.5,13487000
2023-05-25,24.1,26.4,23.8,24.7,12522000
2023-05-26,24.75,25.55,24.35,24.9,5516000
2023-05-29,25.2,26.05,24.45,24.95,4884000
2023-05-30,24.95,24.95,24.05,24.75,2987000
2023-05-31,25.2,25.45,24.6,24.65,2290000
2023-06-01,25.1,25.2,24.1,24.9,2004000
2023-06-02,25.1,25.8,24.8,24.8,3323000
2023-06-05,24.9,26.0,24.8,25.7,3966000
2023-06-06,25.15,25.9,24.85,25.35,2815000
2023-06-07,25.75,26.6,25.1,26.55,7370000
2023-06-08,26.6,26.85,25.5,25.5,4525000
2023-06-09,26.0,28.05,25.65,27.5,9245000
2023-06-12,26.7,26.7,25.6,25.95,5169000
2023-06-13,25.95,26.9,25.7,26.6,3692000
2023-06-14,26.3,26.7,26.0,26.45,2581000
2023-06-15,26.3,28.35,26.3,28.15,7111000
2023-06-16,28.4,29.55,28.1,29.1,18190000
2023-06-19,29.65,29.75,28.65,29.5,10206000
2023-06-20,29.2,32.0,29.2,31.0,14331000
2023-06-21,30.9,33.9,30.85,33.1,16677000
2023-06-26,32.75,33.45,31.2,32.95,7175000
2023-06-27,32.2,32.45,30.95,31.45,6860000
2023-06-28,31.55,32.3,30.5,30.5,4211000
2023-06-29,30.9,31.15,30.35,30.75,2829000
2023-06-30,31.45,31.8,30.9,30.9,2603000
2023-07-03,30.9,32.9,30.65,32.25,8868000
2023-07-04,31.95,31.95,30.9,31.65,3846000
2023-07-05,31.9,32.6,30.9,30.95,5157000
2023-07-06,30.6,32.45,30.0,31.6,6693000
2023-07-07,31.05,31.55,29.9,30.3,3877000
2023-07-10,30.3,32.45,30.1,31.8,7668000
2023-07-11,32.0,32.85,31.25,31.45,7000000
2023-07-12,31.5,32.6,30.85,31.1,5260000
2023-07-13,31.3,32.4,30.85,32.3,5921000
2023-07-14,33.0,33.2,31.3,31.65,8577000
2023-07-17,31.3,31.3,28.5,28.5,7778000
2023-07-18,28.0,28.0,26.5,27.15,5803000
2023-07-19,27.3,27.75,26.25,26.25,3100000
2023-07-20,26.25,28.15,26.15,27.95,4089000
2023-07-21,27.55,29.35,27.0,28.45,3544000
2023-07-24,29.0,29.45,28.3,28.6,2201000
2023-07-25,28.6,29.1,28.0,29.0,1905000
2023-07-26,28.95,30.35,28.25,29.35,6302000
2023-07-27,29.65,30.15,29.1,29.2,2033000
2023-07-28,29.25,30.85,28.6,30.85,5270000
2023-07-31,32.0,33.0,30.6,31.3,18259000
2023-08-01,31.85,34.15,31.3,34.1,20245000
2023-08-02,36.0,37.5,31.15,32.25,52327000
2023-08-04,32.3,32.8,29.6,30.45,13472000
2023-08-07,30.55,33.45,29.5,33.1,12883000
2023-08-08,33.65,35.4,32.8,34.75,29860000
2023-08-09,31.9,33.3,31.3,31.6,18533000
2023-08-10,31.95,32.95,30.7,31.75,13852000
2023-08-11,32.05,33.0,31.55,32.6,13354000
2023-08-14,32.05,32.3,30.3,31.55,6796000
2023-08-15,32.15,33.4,32.15,33.0,9798000
2023-08-16,32.8,34.5,32.3,34.0,12884000
2023-08-17,33.75,34.8,33.05,34.75,12747000
2023-08-18,34.55,35.1,33.6,33.6,13625000
2023-08-21,34.2,34.65,32.65,33.1,9719000
2023-08-22,33.7,34.5,32.75,34.3,16011000
2023-08-23,34.1,34.8,33.5,33.5,10302000
2023-08-24,33.8,34.1,32.1,32.8,7654000
2023-08-25,32.5,32.7,31.6,31.6,4128000
2023-08-28,31.95,31.95,29.7,29.8,5385000
2023-08-29,30.3,32.15,30.0,32.15,5806000
2023-08-30,32.9,34.7,32.0,33.85,23676000
2023-08-31,33.3,34.7,33.3,34.0,14872000
2023-09-01,34.45,34.5,33.25,33.65,8053000
2023-09-04,33.65,33.7,32.25,33.2,7808000
2023-09-05,32.8,33.7,32.55,33.0,4792000
2023-09-06,33.2,34.25,33.0,33.2,7007000
2023-09-07,33.0,33.35,32.3,32.5,3233000
2023-09-08,32.9,33.95,32.8,33.2,6032000
2023-09-11,33.0,33.15,31.95,32.05,3437000
2023-09-12,32.5,32.85,31.65,31.9,3595000
2023-09-13,31.7,32.05,31.15,31.7,2275000
2023-09-14,32.4,33.25,32.1,33.1,3397000
2023-09-15,33.35,34.0,32.65,33.8,7784000
2023-09-18,34.0,34.1,33.15,33.55,2977000
2023-09-19,33.85,34.25,32.6,32.85,4631000
2023-09-20,33.0,34.3,32.35,32.4,8673000
2023-09-21,32.7,33.0,31.45,31.9,4301000
2023-09-22,31.2,32.1,31.2,32.0,1797000
2023-09-25,31.9,32.15,31.35,31.95,1774000
2023-09-26,32.15,32.5,31.55,31.55,1484000
2023-09-27,31.55,33.45,31.35,32.65,4244000
2023-09-28,34.3,35.9,33.7,35.9,22440000
2023-10-02,38.5,39.45,37.3,39.45,33299000
2023-10-03,41.5,42.45,37.7,40.65,71293000
2023-10-04,39.6,42.2,39.35,41.3,56398000
2023-10-05,41.45,42.25,40.85,41.8,25788000
2023-10-06,42.7,44.7,42.2,42.5,37988000
2023-10-11,41.9,42.1,38.25,38.25,19805000
2023-10-12,37.5,38.6,37.25,37.4,16169000
2023-10-13,37.8,38.45,36.1,36.75,15154000
2023-10-16,36.3,37.05,35.5,35.5,7019000
2023-10-17,35.95,36.2,34.5,34.5,7163000
2023-10-18,35.1,35.1,32.8,33.0,6089000
2023-10-19,32.95,33.5,31.95,32.15,4893000
2023-10-20,31.85,31.85,30.6,30.6,5515000
2023-10-23,30.3,32.15,29.95,30.75,7116000
2023-10-24,30.75,31.75,30.6,31.65,3940000
2023-10-25,31.7,33.9,31.7,32.65,9171000
2023-10-26,31.8,32.35,31.6,31.6,3513000
2023-10-27,31.85,33.4,31.65,32.05,6153000
2023-10-30,32.15,32.9,31.6,31.6,3264000
2023-10-31,31.8,32.0,29.45,29.75,4956000
2023-11-01,29.75,31.35,29.75,30.9,3542000
2023-11-02,31.35,31.65,31.1,31.6,2942000
2023-11-03,31.75,32.25,31.5,31.5,2421000
2023-11-06,31.9,32.3,31.55,31.8,1913000
2023-11-07,31.8,32.35,31.3,31.4,2926000
2023-11-08,31.6,32.25,31.5,32.2,4241000
2023-11-09,32.45,32.5,31.3,31.65,2654000
2023-11-10,30.6,31.25,30.4,30.7,2553000
2023-11-13,31.0,32.2,30.95,31.85,3284000
2023-11-14,32.1,32.35,31.7,31.9,2053000
2023-11-15,32.0,32.45,31.25,31.25,2934000
2023-11-16,31.5,31.75,31.1,31.2,1664000
2023-11-17,31.3,31.45,30.9,31.15,1359000
2023-11-20,31.25,31.5,31.0,31.0,1297000
2023-11-21,31.35,34.1,31.25,34.1,21194000
2023-11-22,34.1,36.9,34.1,36.0,38566000
2023-11-23,35.65,36.35,34.9,35.3,11665000
2023-11-24,35.0,36.4,35.0,35.55,8149000
2023-11-27,36.0,36.8,34.95,35.6,7065000
2023-11-28,35.45,35.8,34.95,35.1,3800000
2023-11-29,35.1,36.2,35.05,35.25,4145000
2023-11-30,35.5,36.2,35.0,35.2,3809000
2023-12-01,35.5,36.6,35.2,36.25,5458000
2023-12-04,36.8,39.4,36.65,37.1,22254000
2023-12-05,36.5,38.5,36.05,37.7,10028000
2023-12-06,38.1,38.2,37.05,37.25,5424000
2023-12-07,37.0,38.25,36.95,37.45,4925000
2023-12-08,38.2,38.4,37.45,38.05,4860000
2023-12-11,37.95,38.3,35.5,37.85,8955000
2023-12-12,37.2,38.0,36.15,36.25,5392000
2023-12-13,36.4,37.8,36.4,36.5,4377000
2023-12-14,37.5,37.5,36.5,37.1,2637000
2023-12-15,37.4,38.1,36.5,36.6,3204000
2023-12-18,36.9,37.15,36.15,36.15,1245000
2023-12-19,36.15,36.45,35.25,36.1,2242000
2023-12-20,36.4,37.45,36.3,37.35,2595000
2023-12-21,36.8,37.7,36.5,36.7,1755000
2023-12-22,36.95,38.1,36.55,36.55,3392000
2023-12-25,36.85,38.5,36.75,37.75,8019000
2023-12-26,37.35,38.65,37.35,38.5,5784000
2023-12-27,38.85,39.15,38.05,39.0,7597000
2023-12-28,39.0,40.3,38.3,38.7,10904000
2023-12-29,38.7,39.25,37.3,38.2,5431000
2024-01-02,38.75,39.45,38.0,39.45,4501000
2024-01-03,38.9,41.6,38.7,39.35,18743000
2024-01-04,39.1,40.35,37.8,37.95,8328000
2024-01-05,38.15,38.4,37.65,38.4,2471000
2024-01-08,38.4,39.4,37.95,38.0,2982000
2024-01-09,38.5,39.1,37.6,38.3,3579000
2024-01-10,38.45,38.55,37.7,37.8,1824000
2024-01-11,38.35,38.95,38.1,38.65,3268000
2024-01-12,38.7,38.85,36.85,36.85,3126000
2024-01-15,37.4,37.7,36.7,36.8,2229000
2024-01-16,36.9,37.05,35.65,35.8,3029000
2024-01-17,36.05,36.45,35.35,35.65,1428000
2024-01-18,36.1,36.25,35.2,35.4,1208000
2024-01-19,36.0,36.4,35.6,36.05,1262000
2024-01-22,36.3,39.2,36.3,38.65,6535000
2024-01-23,38.65,39.05,37.6,37.8,3870000
2024-01-24,38.4,38.4,37.05,37.05,1443000
2024-01-25,37.2,37.65,36.0,36.2,2046000
2024-01-26,36.2,36.95,35.75,35.75,1422000
2024-01-29,35.75,36.8,35.6,36.8,1039000
2024-01-30,36.7,37.35,36.7,36.8,1356000
2024-01-31,36.8,36.9,36.0,36.15,761000
2024-02-01,36.2,36.7,35.85,35.9,1152000
2024-02-02,36.3,37.5,36.0,36.05,1569000
2024-02-05,35.95,36.0,35.35,35.45,1196000
2024-02-15,35.75,36.85,35.75,36.55,1485000
2024-02-16,36.55,37.4,36.55,37.4,1864000
2024-02-19,37.8,38.1,37.3,37.6,1622000
2024-02-20,38.0,38.0,36.2,36.45,1929000
2024-02-21,38.4,40.0,37.0,37.0,7330000
2024-02-22,36.9,37.8,36.65,36.8,1293000
2024-02-23,37.2,37.45,36.15,36.2,1370000
2024-02-26,36.05,36.5,35.8,36.15,1133000
2024-02-27,36.5,36.5,35.35,35.5,1674000
2024-02-29,35.6,37.95,35.55,36.85,7403000
2024-03-01,37.0,37.6,36.65,37.1,1972000
2024-03-04,37.45,37.8,37.05,37.05,1908000
2024-03-05,37.2,40.75,37.05,40.75,16872000
2024-03-06,41.1,43.55,40.1,42.5,64624000
2024-03-07,43.2,44.45,40.5,40.5,28946000
2024-03-08,42.3,42.4,38.35,38.55,15455000
2024-03-11,38.85,41.5,38.8,40.7,10634000
2024-03-12,41.0,44.6,41.0,42.25,26647000
2024-03-13,43.2,43.35,39.85,40.5,10413000
2024-03-14,40.5,40.55,38.45,38.75,4910000
2024-03-15,38.8,39.5,38.4,38.65,2914000
2024-03-18,38.85,39.45,38.65,38.95,2079000
2024-03-19,38.7,39.2,37.65,37.65,3259000
2024-03-20,37.75,38.2,36.75,36.95,2191000
2024-03-21,37.15,38.0,37.15,37.55,1605000
2024-03-22,37.4,38.2,37.4,37.65,1269000
2024-03-25,37.9,38.3,37.4,37.5,1754000
2024-03-26,37.7,38.2,36.15,36.2,2196000
2024-03-27,36.75,36.8,36.1,36.15,1262000
2024-03-28,36.9,39.0,36.6,37.35,6654000
2024-03-29,37.9,38.6,37.4,37.4,4335000
2024-04-01,37.9,37.9,36.9,37.4,1517000
2024-04-02,37.8,37.8,36.8,37.0,1241000
2024-04-03,36.8,37.85,36.4,37.05,1720000
2024-04-08,37.3,38.75,37.2,37.75,3606000
2024-04-09,38.05,38.15,37.3,37.5,1257000
2024-04-10,37.3,37.9,37.1,37.45,1207000
2024-04-11,35.3,36.45,35.3,35.75,2911000
2024-04-12,36.1,36.1,35.45,35.45,1401000
2024-04-15,35.75,35.9,35.4,35.45,918000
2024-04-16,35.45,35.45,33.5,33.5,1766000
2024-04-17,33.55,34.3,33.55,34.05,642000
2024-04-18,33.7,35.5,33.7,35.5,1394000
2024-04-19,35.5,35.5,33.0,34.1,1112000
2024-04-22,34.9,34.9,32.4,32.4,802000
2024-04-23,33.0,33.4,32.2,32.25,734000
2024-04-24,32.8,33.6,32.8,33.15,670000
2024-04-25,33.15,33.7,32.5,32.5,663000
2024-04-26,32.6,33.3,32.5,32.5,556000
2024-04-29,32.65,33.1,32.55,32.65,461000
2024-04-30,32.75,32.95,32.4,32.7,391000
2024-05-02,32.6,32.6,31.85,32.25,1008000
2024-05-03,32.85,32.85,31.8,31.8,737000
2024-05-06,32.0,32.3,31.15,31.15,1034000
2024-05-07,31.55,33.5,31.5,32.7,2676000
2024-05-08,32.5,32.5,32.05,32.1,620000
2024-05-09,31.8,32.8,31.4,31.4,912000
2024-05-10,31.6,31.75,30.05,31.35,1047000
2024-05-13,31.9,32.0,30.5,30.6,776000
2024-05-14,30.85,31.35,30.8,31.3,730000
2024-05-15,31.9,31.9,31.2,31.25,608000
2024-05-16,31.5,31.5,30.65,30.85,782000
2024-05-17,30.85,31.2,30.7,30.95,404000
2024-05-20,30.95,32.2,30.65,31.45,1053000
2024-05-21,31.9,33.85,31.8,33.55,3404000
2024-05-22,33.6,34.4,33.2,33.3,3097000
2024-05-23,33.45,34.55,32.6,33.55,1788000
2024-05-24,33.15,33.45,32.95,33.35,747000
2024-05-27,33.6,34.35,33.6,33.95,1366000
2024-05-28,34.2,34.4,33.65,33.65,1036000
2024-05-29,33.7,33.9,33.35,33.55,736000
2024-05-30,34.6,36.0,33.65,33.7,4786000
2024-05-31,33.95,35.2,33.85,34.4,2281000
2024-06-03,35.5,35.8,34.65,35.3,4888000
2024-06-04,35.3,35.5,34.05,34.05,1479000
2024-06-05,34.6,34.7,33.8,34.0,696000
2024-06-06,34.45,34.5,33.05,33.05,933000
2024-06-07,33.05,33.5,32.9,33.1,495000
2024-06-11,32.3,32.3,31.1,31.2,1619000
2024-06-12,31.3,31.3,30.8,31.2,516000
2024-06-13,31.35,31.65,30.9,31.0,524000
2024-06-14,31.0,31.35,30.95,31.1,394000
2024-06-17,31.1,31.2,30.8,30.9,447000
2024-06-18,31.0,31.3,30.5,30.65,581000
2024-06-19,30.75,31.1,30.2,30.2,737000
2024-06-20,30.3,30.7,30.2,30.7,460000
2024-06-21,30.7,31.0,30.7,30.9,374000
2024-06-24,30.65,30.7,30.35,30.4,441000
2024-06-25,30.4,30.5,29.5,30.1,843000
2024-06-26,30.7,30.7,29.8,29.8,696000
2024-06-27,29.7,30.15,29.5,29.55,712000
2024-06-28,29.6,30.35,29.6,30.3,557000
2024-07-01,30.55,30.6,29.75,29.75,596000
2024-07-02,29.8,29.8,29.35,29.4,601000
2024-07-03,30.0,30.0,29.45,29.6,523000
2024-07-04,29.7,29.75,29.4,29.55,570000
2024-07-05,29.6,30.6,29.6,30.45,807000
2024-07-08,30.6,30.6,29.85,29.95,722000
2024-07-09,30.4,30.4,29.2,29.4,538000
2024-07-10,29.25,30.25,29.2,29.5,491000
2024-07-11,29.1,29.15,28.25,28.3,2015000
2024-07-12,28.15,28.65,28.1,28.25,842000
2024-07-15,28.45,28.6,27.9,28.0,803000
2024-07-16,28.0,28.5,27.9,28.1,749000
2024-07-17,28.2,30.2,28.2,29.3,1552000
2024-07-18,29.6,29.6,28.55,28.75,677000
2024-07-19,29.1,29.25,28.4,28.65,739000
2024-07-22,29.1,29.1,27.25,27.25,1013000
2024-07-23,27.35,27.85,27.3,27.35,459000
2024-07-26,26.8,26.8,26.15,26.25,842000
2024-07-29,26.5,27.0,25.95,26.2,598000
2024-07-30,26.2,27.8,26.0,27.8,728000
2024-07-31,27.35,27.85,27.25,27.55,307000
2024-08-01,27.85,28.15,27.3,27.3,385000
2024-08-02,26.9,27.35,26.15,26.25,419000
2024-08-05,25.35,25.35,23.65,23.65,736000
2024-08-06,23.05,24.0,21.3,21.65,2072000
2024-08-07,21.65,23.8,21.65,23.8,827000
2024-08-08,23.8,24.3,23.4,23.7,906000
2024-08-09,24.0,24.6,23.8,23.85,432000
2024-08-12,24.8,24.8,24.2,24.3,341000
2024-08-13,24.4,24.45,24.0,24.05,205000
2024-08-14,24.15,24.3,23.8,23.9,290000
2024-08-15,24.0,24.5,23.85,24.15,541000
2024-08-16,24.45,24.6,24.25,24.3,297000
2024-08-19,24.35,24.5,23.9,23.95,366000
2024-08-20,24.2,25.5,24.0,24.5,799000
2024-08-21,24.2,24.65,24.05,24.15,209000
2024-08-22,24.3,24.3,24.1,24.1,131000
2024-08-23,24.1,24.3,23.5,23.8,215000
2024-08-26,23.95,26.15,23.9,26.15,1823000
2024-08-27,26.5,26.9,25.2,25.2,2486000
2024-08-28,25.3,25.7,25.2,25.3,511000
2024-08-29,25.0,25.15,24.6,25.0,389000
2024-08-30,25.1,25.3,24.95,24.95,221000
2024-09-02,25.0,25.35,24.3,24.3,383000
2024-09-03,24.35,24.5,23.8,23.8,324000
2024-09-04,23.05,23.05,21.8,22.6,445000
2024-09-05,22.85,23.25,22.6,22.6,250000
2024-09-06,22.65,23.1,22.65,22.95,150000
2024-09-09,22.85,23.15,22.4,23.15,177000
2024-09-10,23.5,23.5,22.1,22.2,282000
2024-09-11,21.5,22.4,21.45,21.65,344000
2024-09-12,21.85,22.2,21.85,22.0,232000
2024-09-13,22.15,22.2,21.8,22.0,142000
2024-09-16,22.35,22.45,22.05,22.25,182000
2024-09-18,22.6,22.6,22.2,22.3,177000
2024-09-19,22.5,22.9,22.3,22.8,287000
2024-09-20,22.95,23.05,22.6,22.65,202000
2024-09-23,22.9,23.1,22.7,22.9,138000
2024-09-24,22.9,22.95,22.55,22.65,124000
2024-09-25,22.8,23.4,22.8,22.9,239000
2024-09-26,23.1,23.3,22.8,22.85,165000
2024-09-27,23.1,23.4,22.95,23.05,217000
2024-09-30,22.85,23.3,22.85,22.9,204000
2024-10-01,23.05,23.05,22.6,22.7,137000
2024-10-04,22.9,22.9,22.45,22.5,134000
2024-10-07,22.55,23.1,22.55,23.0,166000
2024-10-08,23.0,23.0,22.55,22.85,136000
2024-10-09,22.95,23.05,22.15,22.15,232000
2024-10-11,22.25,22.7,21.85,21.85,229000
2024-10-14,21.85,22.2,21.7,22.1,157000
2024-10-15,22.35,24.3,22.35,24.3,960000
2024-10-16,24.3,24.3,23.1,23.1,1552000
2024-10-17,23.35,24.45,23.3,23.7,688000
2024-10-18,23.95,23.95,23.1,23.1,299000
2024-10-21,23.15,23.3,23.05,23.15,205000
2024-10-22,23.3,23.3,22.85,23.1,174000
2024-10-23,23.1,23.7,23.1,23.45,323000
2024-10-24,23.65,23.65,23.1,23.1,213000
2024-10-25,23.15,23.3,23.1,23.2,100000
2024-10-28,23.5,23.5,22.65,22.65,254000
2024-10-29,23.05,24.9,22.95,24.9,4752000
2024-10-30,25.8,27.3,25.0,25.05,11156000
2024-11-01,24.3,26.2,23.95,25.3,2028000
2024-11-04,25.1,25.15,23.7,23.85,1352000
2024-11-05,23.5,24.1,23.5,23.8,465000
2024-11-06,23.5,24.15,23.5,23.95,460000
2024-11-07,23.95,24.55,23.8,24.05,528000
2024-11-08,24.0,24.05,23.1,23.1,801000
2024-11-11,23.15,23.5,22.55,22.7,609000
2024-11-12,23.15,23.45,22.2,22.25,496000
2024-11-13,22.25,22.7,22.1,22.3,268000
2024-11-14,22.3,22.4,21.75,21.8,426000
2024-11-15,22.2,22.2,21.7,21.7,248000
2024-11-18,21.7,22.0,21.35,21.35,316000
2024-11-19,21.55,22.2,21.5,22.15,233000
2024-11-20,22.3,22.3,21.65,21.8,261000
2024-11-21,21.85,22.0,21.55,21.85,93000
2024-11-22,21.85,22.55,21.85,22.1,301000
2024-11-25,22.15,22.4,22.15,22.2,212000
2024-11-26,22.1,22.35,22.0,22.1,164000
2024-11-27,22.5,23.8,22.4,22.45,1252000
2024-11-28,22.45,22.45,21.7,21.9,335000
2024-11-29,21.75,22.2,21.75,21.95,114000
2024-12-02,22.05,22.05,21.75,21.75,142000
2024-12-03,22.05,22.3,21.95,22.0,417000
2024-12-04,22.2,22.3,21.95,22.2,182000
2024-12-05,22.45,22.45,22.0,22.0,124000
2024-12-06,22.05,22.25,21.85,21.85,209000
2024-12-09,21.85,21.85,21.5,21.5,242000
2024-12-10,21.7,21.7,20.8,20.85,457000
2024-12-11,20.85,20.85,20.1,20.35,259000
2024-12-12,20.35,21.45,20.35,20.65,485000
2024-12-13,21.0,21.0,19.95,20.0,295000
2024-12-16,19.9,19.9,19.0,19.05,568000
2024-12-17,19.3,19.65,19.3,19.4,205000
2024-12-18,19.15,19.5,19.0,19.45,139000
2024-12-19,19.2,19.55,19.1,19.35,83000
2024-12-20,19.35,19.65,19.05,19.2,97000
2024-12-23,19.25,20.35,19.25,19.55,284000
2024-12-24,19.7,19.9,19.45,19.55,89000
2024-12-25,19.6,19.8,19.6,19.75,50000
2024-12-26,19.8,20.35,19.8,19.95,229000
2024-12-27,20.05,20.5,19.6,19.6,284000
2024-12-30,19.55,19.75,19.25,19.3,160000
2024-12-31,19.2,19.6,19.1,19.45,96000
2025-01-02,19.55,19.8,19.25,19.5,74000
2025-01-03,19.45,19.55,19.15,19.3,123000
2025-01-06,19.55,19.7,19.25,19.65,119000
2025-01-07,19.7,19.9,19.55,19.55,96000
2025-01-08,19.55,19.95,19.4,19.65,176000
2025-01-09,19.7,19.8,19.1,19.1,176000
2025-01-10,18.5,19.35,18.4,18.55,312000
2025-01-13,18.5,18.5,17.0,17.0,930000
2025-01-14,17.0,17.55,17.0,17.35,327000
2025-01-15,17.55,17.55,17.25,17.35,148000
2025-01-16,17.85,18.85,17.75,18.05,793000
2025-01-17,18.5,19.5,18.05,19.2,1041000
2025-01-20,19.5,19.5,18.6,18.95,335000
2025-01-21,18.95,18.95,18.45,18.45,181000
2025-01-22,18.75,18.75,18.4,18.6,145000
2025-02-03,18.55,18.55,17.85,18.15,195000
2025-02-04,18.2,18.5,17.8,18.25,168000
2025-02-05,17.8,18.95,17.8,18.95,282000
2025-02-06,19.0,19.45,19.0,19.05,139000
2025-02-07,19.0,19.3,19.0,19.3,127000
2025-02-10,19.1,19.5,19.05,19.45,115000
2025-02-11,19.9,20.4,19.7,20.4,460000
2025-02-12,20.5,21.45,20.5,21.05,723000
2025-02-13,21.05,21.35,20.8,21.0,264000
2025-02-14,21.0,21.15,20.75,21.15,159000
2025-02-17,21.2,21.3,21.0,21.15,196000
2025-02-18,21.2,21.35,20.85,20.95,207000
2025-02-19,20.85,22.35,20.85,22.1,797000
2025-02-20,22.2,23.4,22.0,22.2,779000
2025-02-21,22.25,22.55,22.0,22.0,326000
2025-02-24,21.8,22.35,21.8,22.25,188000
2025-02-25,22.25,22.3,21.95,22.1,125000
2025-02-26,21.9,22.65,21.9,22.15,197000
2025-02-27,22.25,22.55,22.0,22.15,208000
2025-03-03,22.3,22.3,21.85,22.2,198000
2025-03-04,21.95,22.4,21.8,22.35,242000
2025-03-05,22.35,22.6,22.15,22.3,194000
2025-03-06,22.15,22.2,21.8,21.9,243000
2025-03-07,21.9,22.0,21.4,21.4,142000
2025-03-10,21.25,21.45,21.1,21.1,155000
2025-03-11,20.45,20.5,19.8,20.35,327000
2025-03-12,20.55,20.9,20.45,20.6,159000
2025-03-13,20.45,20.95,20.1,20.1,193000
2025-03-14,20.1,20.5,20.1,20.5,115000
2025-03-17,20.5,20.8,20.05,20.15,204000
2025-03-18,20.1,20.2,19.85,19.9,273000
2025-03-19,19.9,20.1,19.55,19.6,244000
2025-03-20,19.4,19.75,19.4,19.5,198000
2025-03-21,19.5,19.6,19.2,19.2,132000
2025-03-24,19.6,19.6,19.15,19.15,90000
2025-03-25,19.2,19.7,18.75,18.75,312000
2025-03-26,18.75,19.3,18.75,19.3,174000
2025-03-27,19.25,19.25,19.0,19.05,62000
2025-03-28,19.0,19.0,18.2,18.3,257000
2025-03-31,18.05,18.05,17.0,17.0,515000
2025-04-01,17.05,17.6,17.05,17.5,328000
2025-04-02,17.9,18.0,17.3,17.9,136000
2025-04-07,16.15,16.15,16.15,16.15,94000
2025-04-08,14.55,14.55,14.55,14.55,1537000
2025-04-09,13.5,13.95,13.1,13.1,842000
2025-04-10,14.0,14.4,13.65,14.0,1641000
2025-04-11,12.6,13.1,12.6,12.85,2115000
2025-04-14,13.95,13.95,13.2,13.6,845000
2025-04-15,14.05,14.95,13.85,14.95,1430000
2025-04-16,14.8,14.9,14.2,14.5,1078000
2025-04-17,14.25,14.95,14.2,14.75,425000
2025-04-18,14.65,15.85,14.65,15.3,824000
2025-04-21,15.3,15.45,14.8,14.85,455000
2025-04-22,14.85,14.95,14.5,14.6,222000
2025-04-23,15.35,15.35,14.8,15.05,152000
2025-04-24,15.35,15.35,14.9,14.9,204000
2025-04-25,15.2,15.3,14.9,15.0,345000
2025-04-28,15.15,15.65,15.15,15.5,463000
2025-04-29,15.7,16.3,15.6,16.2,339000
2025-04-30,16.6,17.3,16.5,17.05,691000
2025-05-02,17.5,17.5,17.0,17.45,386000
2025-05-05,17.5,18.25,16.05,17.25,473000
2025-05-06,17.25,17.6,17.15,17.55,195000
2025-05-07,17.45,17.45,16.65,16.85,366000
2025-05-08,16.75,17.7,16.75,17.7,322000
2025-05-09,17.6,18.45,17.6,17.95,280000
2025-05-12,18.1,18.55,18.1,18.55,313000
2025-05-13,18.8,19.45,18.65,18.7,321000
2025-05-14,18.7,19.3,18.5,18.55,291000
2025-05-15,18.55,19.0,18.5,18.55,142000
2025-05-16,18.75,18.8,18.4,18.7,196000
2025-05-19,18.7,19.95,18.7,19.2,850000
2025-05-20,19.65,21.05,19.15,20.65,1504000
2025-05-21,20.95,20.95,19.7,19.75,956000
2025-05-22,19.6,19.8,19.3,19.6,331000
2025-05-23,19.85,19.95,19.35,19.35,252000
2025-05-26,19.7,19.7,19.2,19.35,122000
2025-05-27,19.45,19.6,18.65,18.75,308000
2025-05-28,18.75,19.05,17.8,17.95,769000
2025-05-29,18.25,18.25,17.55,17.8,361000
2025-06-02,17.7,17.7,16.7,17.15,753000
2025-06-03,17.15,17.45,17.15,17.2,172000
2025-06-04,17.25,18.5,17.25,17.7,463000
2025-06-05,17.9,18.35,17.75,17.95,270000
2025-06-06,18.0,18.0,17.5,17.6,162000
2025-06-09,17.7,17.7,17.35,17.35,113000
2025-06-10,17.5,17.8,17.5,17.8,130000
2025-06-11,17.6,17.9,17.6,17.8,203000
2025-06-12,17.9,18.0,17.6,17.85,166000
2025-06-13,17.85,17.85,17.35,17.35,275000
2025-06-16,17.35,17.45,17.1,17.2,177000
2025-06-17,17.4,17.5,17.05,17.1,68000
2025-06-18,17.05,17.2,16.85,17.0,152000
2025-06-19,17.0,18.7,17.0,18.3,3134000
2025-06-20,18.1,19.5,18.0,18.3,3406000
2025-06-23,19.0,19.0,18.05,18.55,1698000
2025-06-24,18.8,19.6,18.3,18.35,1473000
2025-06-25,18.6,19.5,18.35,18.55,2238000
2025-06-26,18.75,19.0,18.45,18.6,782000
2025-06-27,18.6,18.7,18.05,18.15,590000
2025-06-30,18.15,18.2,17.7,17.85,502000
2025-07-01,17.9,18.3,17.9,18.1,351000
2025-07-02,18.0,18.35,17.85,18.1,436000
2025-07-03,18.3,18.3,17.85,17.9,233000
2025-07-04,18.15,18.15,17.25,17.5,258000
2025-07-07,17.65,17.65,17.1,17.1,178000
2025-07-08,17.1,17.1,16.6,16.85,252000
2025-07-09,16.85,17.0,16.75,16.85,119000
2025-07-10,16.85,16.85,16.4,16.55,182000
2025-07-11,16.55,16.9,16.15,16.65,466000
2025-07-14,16.8,16.8,16.4,16.45,114000
2025-07-15,16.5,17.15,16.4,17.1,314000
2025-07-16,17.45,17.45,16.95,16.95,165000
2025-07-17,17.05,17.2,16.75,17.0,314000
2025-07-18,17.1,17.1,16.55,17.0,396000
2025-07-21,17.0,17.05,16.8,16.85,107000
2025-07-22,17.0,17.0,16.2,16.25,405000
2025-07-23,16.4,16.7,16.4,16.45,146000
2025-07-24,16.5,16.75,16.4,16.5,109000
2025-07-25,16.5,16.55,16.3,16.3,89000
2025-07-28,16.3,17.15,16.3,16.55,625000
2025-07-29,16.55,16.55,16.2,16.25,217000
2025-07-30,16.25,16.3,16.05,16.2,120000
2025-07-31,16.2,16.2,15.75,15.75,199000
2025-08-01,15.65,16.25,15.5,16.2,308000
2025-08-04,16.2,16.9,16.15,16.55,285000
2025-08-05,16.65,16.9,16.5,16.8,167000
2025-08-06,16.8,16.8,16.6,16.7,77000
2025-08-07,16.7,16.9,16.5,16.75,308000
2025-08-08,16.8,17.25,16.65,16.7,379000
2025-08-11,16.7,16.7,16.3,16.4,206000
2025-08-12,16.45,16.65,16.4,16.6,241000
2025-08-13,16.75,17.45,16.75,17.1,351000
2025-08-14,17.3,17.3,16.9,17.0,153000
2025-08-15,17.0,17.65,16.95,17.55,412000
2025-08-18,17.6,19.1,17.6,18.9,1383000
2025-08-19,19.2,19.2,18.45,18.7,646000
2025-08-20,18.85,18.9,18.05,18.05,304000
2025-08-21,18.05,18.6,18.05,18.15,288000
2025-08-22,18.15,19.2,17.85,18.6,344000
2025-08-25,18.9,19.0,18.35,18.35,301000
2025-08-26,18.45,18.45,18.05,18.3,108000
2025-08-27,18.5,18.55,18.1,18.4,237000
2025-08-28,18.25,18.8,18.2,18.6,306000
2025-08-29,18.45,18.75,18.3,18.4,194000
2025-09-01,18.15,18.7,17.7,18.7,296000
2025-09-02,18.5,18.5,17.45,17.75,480000
2025-09-03,17.05,17.6,17.05,17.2,266000
2025-09-04,17.2,17.45,16.0,16.6,980000
2025-09-05,16.7,16.9,16.6,16.7,233000
2025-09-08,16.7,16.75,16.35,16.6,256000
2025-09-09,16.6,16.85,16.5,16.5,263000
2025-09-10,16.95,16.95,16.5,16.55,201000
2025-09-11,16.55,16.7,16.0,16.1,403000
2025-09-12,16.3,16.45,16.15,16.2,140000
2025-09-15,16.2,16.2,16.0,16.1,189000
2025-09-16,16.1,17.7,16.05,17.7,743000
2025-09-17,18.75,19.45,18.75,19.45,2274000
2025-09-18,19.3,20.05,19.15,19.6,2159000
2025-09-19,19.65,20.8,19.65,20.25,1140000
2025-09-22,20.35,20.35,19.5,19.55,662000
2025-09-23,19.55,19.55,18.8,19.1,639000
2025-09-24,19.1,19.3,18.85,19.0,422000
2025-09-25,19.0,19.35,18.8,18.85,151000
2025-09-26,18.8,18.8,17.9,18.05,379000
2025-09-30,18.05,18.8,18.05,18.65,245000
2025-10-01,19.0,19.0,18.0,18.2,332000
2025-10-02,18.2,18.7,18.2,18.35,171000
2025-10-03,18.4,18.55,18.0,18.45,191000
2025-10-07,18.45,19.1,18.45,18.6,305000
2025-10-08,18.55,18.65,18.25,18.65,223000
2025-10-09,19.8,19.8,18.6,18.8,274000
2025-10-13,18.1,18.75,18.0,18.75,138000
2025-10-14,19.25,19.25,17.5,17.5,412000
2025-10-15,17.65,17.9,17.6,17.75,204000
2025-10-16,18.2,19.0,18.0,18.2,275000
2025-10-17,18.2,18.75,18.2,18.7,248000
2025-10-20,18.7,18.7,18.3,18.4,152000
2025-10-21,18.5,18.6,18.25,18.25,223000
2025-10-22,18.05,18.75,18.05,18.35,164000
2025-10-23,18.35,18.6,17.95,18.2,202000
2025-10-27,18.2,18.5,17.75,17.95,237000
2025-10-28,17.8,17.8,17.3,17.3,299000
2025-10-29,17.5,17.55,17.05,17.25,293000
2025-10-30,17.5,17.5,17.15,17.2,273000
2025-10-31,17.25,17.4,17.1,17.15,52000
2025-11-03,17.15,18.0,17.15,17.25,246000
2025-11-04,17.7,17.7,16.85,17.2,283000
2025-11-05,16.9,16.9,16.5,16.75,235000
2025-11-06,17.0,17.0,16.6,16.75,81000
2025-11-07,16.75,17.15,16.7,17.05,108000
2025-11-10,16.8,17.05,16.7,16.85,130000
2025-11-11,16.85,17.3,16.75,17.0,167000
2025-11-12,17.1,17.3,16.95,17.2,161000
2025-11-13,17.2,17.2,16.9,16.9,166000
2025-11-14,16.65,17.25,16.6,17.0,205000
2025-11-17,17.4,17.4,16.35,16.65,299000
2025-11-18,16.5,16.7,16.2,16.5,174000
2025-11-19,16.5,16.5,16.25,16.25,173000
2025-11-20,16.25,16.6,16.25,16.35,254000
2025-11-21,16.5,16.65,16.15,16.25,214000
2025-11-24,17.6,17.8,16.7,17.45,349000
2025-11-25,17.4,17.6,16.8,16.8,133000
2025-11-26,17.1,17.2,16.95,17.15,76000
2025-11-27,17.3,17.7,17.25,17.4,166000
2025-11-28,17.3,17.7,17.2,17.5,86000
2025-12-01,17.55,18.1,17.5,17.9,288000
2025-12-02,18.15,18.15,17.5,17.75,137000
2025-12-03,17.7,17.9,17.6,17.9,167000
2025-12-04,17.7,18.0,17.7,17.8,87000
2025-12-05,17.75,18.05,17.6,17.75,178000
2025-12-08,17.95,18.4,17.9,18.0,210000
2025-12-09,18.1,18.4,17.55,18.4,402000
2025-12-10,18.35,18.5,18.0,18.3,168000
2025-12-11,18.25,18.25,17.8,18.05,204000
2025-12-12,18.0,18.0,17.8,17.9,100000
2025-12-15,17.8,18.0,17.7,17.75,97000
2025-12-16,17.65,17.65,17.35,17.45,119000
2025-12-17,17.8,17.8,17.4,17.5,74000
2025-12-18,18.1,18.1,17.55,17.8,94000
2025-12-19,17.8,18.15,17.8,18.05,237000
2025-12-22,18.3,18.7,18.3,18.6,571000
2025-12-23,18.0,18.0,17.7,17.8,214000
2025-12-24,17.75,18.0,17.75,17.95,124000
2025-12-26,18.0,18.0,17.65,17.7,174000
2025-12-29,17.6,17.7,17.5,17.65,114000
2025-12-30,17.5,17.5,17.3,17.4,153000
2025-12-31,17.2,17.2,16.95,17.05,221000
2026-01-02,17.1,17.1,16.75,16.8,233000
2026-01-05,16.8,16.8,16.2,16.3,326000
2026-01-06,16.3,16.85,16.3,16.75,141000
2026-01-07,17.1,17.1,16.35,16.75,246000
2026-01-08,16.7,16.7,16.3,16.5,205000
2026-01-09,16.45,16.5,16.2,16.35,281000
2026-01-12,16.5,16.8,16.3,16.65,490000
2026-01-13,16.8,16.8,16.0,16.1,982000
2026-01-14,16.3,16.6,16.15,16.4,403000
2026-01-15,16.5,16.5,16.2,16.3,165000
2026-01-16,16.3,16.45,16.25,16.3,285000
2026-01-19,16.5,16.5,16.3,16.35,399000
2026-01-20,16.35,16.7,16.3,16.4,397000
2026-01-21,16.0,16.1,15.25,15.8,1318000
2026-01-22,15.85,15.95,15.75,15.85,614000
2026-01-23,15.75,15.9,15.65,15.7,471000
2026-01-26,15.7,15.8,15.6,15.8,309000
2026-01-27,15.8,16.0,15.8,15.85,270000
2026-01-28,15.85,16.0,15.8,15.95,276000
2026-01-29,15.9,15.9,15.75,15.8,204000
2026-01-30,15.7,15.7,15.55,15.65,180000
2026-02-02,15.8,15.8,15.2,15.2,280000
2026-02-03,15.3,15.5,14.9,15.05,310000
2026-02-04,15.0,15.5,14.8,15.45,318000
2026-02-05,15.4,15.4,15.15,15.15,112000
2026-02-06,15.05,15.05,14.55,14.8,317000
2026-02-09,14.95,14.95,14.6,14.7,239000
2026-02-10,14.65,14.65,14.35,14.55,264000
2026-02-11,14.5,14.7,14.35,14.55,401000
2026-02-23,14.55,15.1,14.5,14.9,543000
2026-02-24,14.9,15.15,14.9,15.15,310000
2026-02-25,15.2,15.35,15.15,15.25,228000
2026-02-26,15.25,15.35,15.0,15.05,288000
2026-03-02,14.9,15.05,14.9,15.0,262000
2026-03-03,15.0,15.0,14.55,14.65,237000
2026-03-04,14.65,14.65,13.85,14.0,247000
2026-03-05,14.2,14.65,14.2,14.5,222000
2026-03-06,14.0,14.7,14.0,14.65,107000
2026-03-09,14.0,14.1,13.4,13.6,505000
2026-03-10,14.0,14.45,13.8,14.0,113000
2026-03-11,14.0,14.3,14.0,14.2,242000
2026-03-12,13.95,14.2,13.8,14.05,363000
2026-03-13,13.95,14.0,13.7,13.95,216000
2026-03-16,13.95,14.0,13.7,13.9,175000
2026-03-17,14.0,14.15,13.9,14.05,213000
2026-03-18,14.05,14.05,13.55,13.95,211000
2026-03-19,13.9,13.95,13.65,13.65,237000
2026-03-20,13.8,13.8,13.45,13.6,206000
2026-03-23,13.6,13.65,13.3,13.3,307000
2026-03-24,13.35,13.35,12.9,13.05,342000
2026-03-25,13.1,13.5,13.1,13.3,230000
2026-03-26,13.35,13.35,13.05,13.15,111000
2026-03-27,13.1,13.2,12.9,13.15,144000
2026-03-30,12.85,13.05,12.8,12.9,197000
2026-03-31,12.65,12.85,12.45,12.5,342000
2026-04-01,12.7,12.85,12.5,12.7,221000
2026-04-02,12.55,12.75,12.3,12.5,162000
2026-04-07,12.4,12.5,12.25,12.4,172000
2026-04-08,12.5,12.65,12.4,12.65,175000
2026-04-09,12.6,12.6,12.3,12.5,223000
2026-04-10,12.5,12.6,12.4,12.55,219000
2026-04-13,12.25,12.6,12.25,12.35,111000
2026-04-14,12.35,12.35,12.05,12.05,445000
2026-04-15,12.0,12.2,11.9,12.15,712000
2026-04-16,12.15,12.25,12.05,12.15,243000
2026-04-17,12.1,13.35,12.1,13.35,520000
2026-04-20,14.65,14.65,14.6,14.65,718000
2026-04-21,16.0,16.0,14.0,14.4,1663000
2026-04-22,14.4,14.9,14.1,14.5,498000
2026-04-23,14.45,14.45,13.5,13.7,328000
2026-04-24,13.7,13.8,13.35,13.5,277000
2026-04-27,13.7,13.7,12.95,13.1,297000
2026-04-28,13.15,13.45,12.95,13.4,279000
2026-04-29,13.25,13.5,13.15,13.15,199000
2026-04-30,13.1,13.15,12.95,13.0,153000
2026-05-04,13.5,13.5,12.6,12.8,328000
2026-05-05,12.8,13.2,12.65,12.9,264000
2026-05-06,12.9,13.3,12.75,12.95,231000
2026-05-07,12.95,12.95,12.65,12.9,286000
2026-05-08,12.9,12.95,12.6,12.6,258000
2026-05-11,12.95,12.95,12.7,12.75,156000
2026-05-12,12.65,12.65,12.1,12.3,504000
2026-05-13,12.2,12.45,12.0,12.2,543000
2026-05-14,12.9,12.9,11.95,12.05,436000
2026-05-15,12.1,12.35,12.0,12.05,507000
2026-05-18,12.1,12.1,11.9,12.0,236000
2026-05-19,12.05,12.3,11.75,11.8,427000
2026-05-20,11.75,11.95,11.7,11.8,155000
2026-05-21,11.85,12.1,11.8,11.95,265000
2026-05-22,12.1,12.15,11.9,11.95,401000
2026-05-25,12.0,12.4,11.8,12.4,908000
2026-05-26,12.4,12.4,12.0,12.15,359000
2026-05-27,12.05,12.1,11.8,11.85,389000
2026-05-28,11.65,12.05,11.65,11.75,313000
2026-05-29,11.8,11.95,11.7,11.8,198000
2026-06-01,11.8,12.15,11.65,12.1,453000
2026-06-02,12.0,13.3,11.95,13.3,1488000
2026-06-03,13.4,14.6,13.3,14.6,2633000
2026-06-04,14.6,14.6,13.9,13.9,1416000
2026-06-05,13.85,13.85,13.35,13.65,365000
2026-06-08,12.4,12.95,12.4,12.9,262000
2026-06-09,12.9,13.25,12.85,13.0,232000
2026-06-10,13.0,13.0,12.55,12.7,282000
2026-06-11,12.7,12.75,12.4,12.5,254000
2026-06-12,12.6,12.85,12.55,12.55,162000
2026-06-15,12.55,12.75,12.55,12.55,134000
2026-06-16,12.55,12.55,12.3,12.3,146000
2026-06-17,12.6,12.6,12.35,12.5,175000
2026-06-18,12.6,12.7,12.5,12.6,181000
2026-06-22,12.55,12.9,12.5,12.7,221000
2026-06-23,12.65,12.7,12.55,12.65,135000
2026-06-24,12.55,12.75,12.5,12.75,228000
2026-06-25,12.75,12.75,12.5,12.5,215000
2026-06-26,12.5,12.5,12.0,12.0,294000
2026-06-29,12.0,12.3,12.0,12.2,133000
2026-06-30,12.3,13.4,12.3,13.3,664000
2026-07-01,13.25,13.25,12.8,12.95,452000
2026-07-02,12.8,13.0,12.8,12.95,159000
2026-07-03,13.1,13.45,12.95,13.4,332000
2026-07-06,13.65,13.65,13.3,13.4,321000
2026-07-07,13.4,13.5,13.0,13.0,179000
2026-07-08,12.8,13.0,12.8,12.95,110000
2026-07-09,12.8,13.05,12.8,12.9,83000
2026-07-13,13.6,13.6,12.8,13.0,262000
2026-07-14,13.0,13.1,12.6,12.7,290000
2026-07-15,12.7,13.2,12.7,12.95,93000
2026-07-16,12.85,13.1,12.85,12.85,133000
2026-07-17,12.6,12.75,12.25,12.3,230000
2026-07-20,12.3,12.55,12.0,12.35,110000
2026-07-21,12.3,12.55,12.3,12.5,58000
2026-07-22,12.5,12.9,12.5,12.8,106000
2026-07-23,13.1,13.25,12.5,12.7,127000
2026-07-24,12.4,12.6,12.15,12.3,152000
2026-07-27,12.3,12.35,12.05,12.3,196000
2026-07-28,12.1,12.1,11.7,11.7,333000
2026-07-29,11.8,11.8,10.95,11.55,379000
2026-07-30,11.6,11.6,11.05,11.6,120000
2026-07-31,12.0,12.1,11.6,11.8,123000
2026-08-03,11.8,12.05,11.8,11.85,161000
2026-08-04,11.8,12.1,11.8,12.05,65000
2026-08-05,12.1,12.3,11.9,12.05,151000
2026-08-06,12.05,12.05,11.8,11.95,63000
2026-08-07,11.85,12.0,11.85,12.0,38000
2026-08-10,11.9,12.0,11.85,11.9,75000
2026-08-11,11.95,11.95,11.65,11.7,101000
2026-08-12,11.8,12.1,11.8,11.9,30000
2026-08-13,11.8,11.9,11.6,11.65,139000
2026-08-14,11.9,11.9,11.4,11.4,195000
2026-08-17,11.65,11.65,11.3,11.55,76000
2026-08-18,11.4,11.45,11.2,11.25,147000
2026-08-19,11.1,11.4,11.1,11.3,93000
2026-08-20,11.4,11.4,11.1,11.3,75000
2026-08-21,11.4,11.4,11.2,11.3,104000
2026-08-24,11.15,11.35,11.15,11.2,45000
2026-08-25,11.2,11.3,11.0,11.25,131000
2026-08-26,11.25,11.35,11.15,11.25,124000
2026-08-27,11.2,11.25,11.1,11.25,142000
2026-08-28,11.15,11.25,11.1,11.25,114000
2026-08-31,11.25,11.55,11.15,11.55,114000
2026-09-01,11.45,11.55,11.3,11.35,65000
2026-09-02,11.3,11.4,11.1,11.25,123000
2026-09-03,11.25,11.25,11.15,11.15,62000
2026-09-04,11.15,11.4,11.1,11.2,56000
2026-09-07,11.3,11.45,11.25,11.4,41000
2026-09-08,11.4,11.4,11.15,11.15,62000
2026-09-09,11.15,11.35,11.15,11.25,74000
2026-09-10,11.25,11.25,11.15,11.25,69000
2026-09-11,11.25,11.25,11.05,11.05,166000
2026-09-14,11.05,11.3,11.0,11.1,43000
2026-09-15,11.2,11.3,11.0,11.1,99000
2026-09-16,11.2,11.2,11.05,11.1,56000
2026-09-17,11.15,11.25,11.05,11.15,73000
2026-09-18,11.15,11.2,11.1,11.2,82000
2026-09-21,11.1,12.3,11.0,12.3,361000
2026-09-22,12.4,12.75,12.15,12.25,503000
2026-09-23,12.1,12.1,11.8,11.85,160000
2026-09-24,11.6,12.2,11.6,11.95,43000
2026-09-29,11.55,11.95,11.55,11.7,95000
2026-09-30,11.7,11.9,11.65,11.9,59000
2026-10-01,11.65,11.9,11.6,11.7,70000
